ticker,change,old_name,new_name,note
GE,rename,General Electric Company,GE Aerospace,
HIG,rename,"The Hartford Financial Services Group, Inc.","The Hartford Insurance Group, Inc.",
BEN,rename,"Franklin Resources, Inc.",Franklin Templeton Inc.,
ETY,rename,Eaton Vance Tax-Managed Buy-Write Opportunities Fund,Eaton Vance Tax-Managed Diversified Equity Income Fund,
LH,rename,Laboratory Corporation of America Holdings,Labcorp Holdings Inc.,
G24.DE,a,GRENKE AG,Scout24 SE,
EVD.DE,a,Evotec SE,CTS Eventim AG & Co. KGaA,
BC8.DE,a+add,Aroundtown SA,Bechtle AG,
AT1.DE,added,,Aroundtown SA,intended company from BC8.DE
HAG.DE,a+add,Hamburger Hafen und Logistik AG,Hensoldt AG,
HHFA.DE,added,,Hamburger Hafen und Logistik AG,intended company from HAG.DE
GYC.DE,a,GFT Technologies SE,Grand City Properties S.A.,
FPE3.DE,a,Ferratum Oyj (Multitude SE),Fuchs SE,
SMHN.DE,a,SMT Scharf AG,SUSS MicroTec SE,
GLJ.DE,a,Global Fashion Group S.A.,Grenke AG,
HDD.DE,a,Hamburger Hafen und Logistik AG,Heidelberger Druckmaschinen Aktiengesellschaft,
SAX.DE,a,Stada Arzneimittel AG,Ströer SE & Co. KGaA,
EUZ.DE,a,Euromicron AG,Eckert & Ziegler SE,
COK.DE,a+add,CompuGroup Medical SE & Co. KGaA,Cancom SE,
COP.DE,added,,CompuGroup Medical SE & Co. KGaA,intended company from COK.DE
ADV.DE,rename,Adva Optical Networking SE,Adtran Networks SE,
ZIL2.DE,a,Zalando SE,ElringKlinger AG,
BWB.DE,a,BWT Aktiengesellschaft,Baader Bank Aktiengesellschaft,
TTR1.DE,a+add,TeamViewer SE,technotrans SE,
TMV.DE,added,,TeamViewer SE,intended company from TTR1.DE
VBK.DE,a,Volksbank AG,Verbio SE,
STO3.DE,a,Stöbich AG,Sto SE & Co. KGaA,
HBH.DE,a,H&R AG,HORNBACH Holding AG & Co. KGaA,
CWC.DE,a,Cancom SE,CEWE Stiftung & Co. KGaA,
MUM.DE,a,Muehlhan AG,Mensch und Maschine Software SE,
M7U.DE,a,M7 Real Estate,Nynomic AG,
BOS.DE,removed,Bossard Holding AG,,"Frankfurt listing of Hugo Boss, which is already BOSS.DE (Bossard = BOSN.SW, optional)"
AAD.DE,a,Adva Optical Networking SE,Amadeus FiRe AG,
HLE.DE,a,Heidelberger Druckmaschinen AG,HELLA GmbH & Co. KGaA,
SKB.DE,a+add,Südzucker AG,Koenig & Bauer AG,
SZU.DE,added,,Südzucker AG,intended company from SKB.DE
CAP.DE,a,Caparol AG,SCP Standard Capital Partners AG,
INH.DE,a,Innate Pharma SA,INDUS Holding AG,
SHF.DE,a,Shiftex AG,SNP Schneider-Neureither & Partner SE,
DBAN.DE,a,Deutsche Bahn AG,Deutsche Beteiligungs AG,
MDO.DE,removed,Medion AG,,"Frankfurt listing of McDonald's, which is already MCD"
SNG.DE,a,SGL Carbon SE,Singulus Technologies AG,
SQU.DE,removed,Squer AG,,"Frankfurt listing of Vinci, which is already DG.PA"
F3C.DE,a,FCR Immobilien AG,SFC Energy AG,
MUX.DE,a,Muehlhan AG,Mutares SE & Co. KGaA,
TTK.DE,a,TUI AG,TAKKT AG,
ED4.DE,a,E.ON SE,EDAG Engineering Group AG,
AOF.DE,a,AOF AG,ATOSS Software SE,
BFSA.DE,a+add,Bayer AG,Befesa S.A.,
BAYN.DE,added,,Bayer AG,intended company from BFSA.DE
BEZ.DE,a,Beiersdorf AG,Berentzen-Gruppe Aktiengesellschaft,
GBF.DE,a,Gerresheimer AG,Bilfinger SE,
1SXP.DE,a,iShares STOXX Europe 600,SCHOTT Pharma AG & Co. KGaA,
2HRA.DE,a,2HRA AG,H&R GmbH & Co. KGaA,
3ITN.DE,a,3ITN AG,audius SE,
3SQ1.DE,a,3SQ1 AG,AHT Syngas Technology N.V.,
4X0.DE,a,4X0 AG,Steyr Motors AG,
7V0.DE,a,7V0 AG,Novogenia AG,
93M1.DE,a,93M1 AG,MPH Health Care AG,
A1OS.DE,a,A1OS AG,All for One Group SE,
A6T.DE,a,A6T AG,artec technologies AG,
ACX.DE,a,ACX AG,bet-at-home.com AG,
9432.T,rename,Nippon Telegraph and Telephone Corporation,"NTT, Inc.",
0922.HK,replaced by 600418.SS,"Anhui Jianghuai Automobile Group Corp., Ltd.","Anhui Jianghuai Automobile Group Corp., Ltd.",
6160.HK,a,Cansino Biologics Inc.,BeOne Medicines AG,
601211.SS,rename,"Guotai Junan Securities Co., Ltd.","Guotai Haitong Securities Co., Ltd.",
601816.SS,a+add,"斬京銀行 (Bank of Nanjing Co., Ltd.)","Beijing-Shanghai High-Speed Railway Co., Ltd.",
601009.SS,added,,"Bank of Nanjing Co., Ltd.",intended company from 601816.SS
002459.SZ,a+add,"EVE Energy Co., Ltd.","JA Solar Technology Co., Ltd.",
300014.SZ,added,,"EVE Energy Co., Ltd.",intended company from 002459.SZ
2883.TW,rename,China Development Financial Holding Corp.,"KGI Financial Holding Co., Ltd.",
1101.TW,rename,Taiwan Cement Corporation,"TCC Group Holdings Co., Ltd.",
2887.TW,rename,"Taishin Financial Holding Co., Ltd.","TS Financial Holding Co., Ltd.",
003670.KS,a,"Pohang Coated Steel Co., Ltd. (POSCO C&C)","Posco Future M Co., Ltd.",
047050.KS,a+add,"Daewoo Shipbuilding & Marine Engineering Co., Ltd. (Hanwha Ocean)",Posco International Corporation,
042660.KS,added,,"Hanwha Ocean Co., Ltd.",intended company from 047050.KS
009830.KS,a+add,"Hanwha Aerospace Co., Ltd.",Hanwha Solutions Corporation,
012450.KS,added,,"Hanwha Aerospace Co., Ltd.",intended company from 009830.KS
036570.KS,rename,NCSoft Corporation,NC Corporation,
5184.KL,replaced by 8621.KL,LPI Capital Bhd,LPI Capital Bhd,
SW.PA,a,Somfy SA,Sodexo S.A.,
LI.PA,a,Kaufman & Broad S.A.,Klépierre SA,
NEX.PA,a,Nexity S.A.,Nexans S.A.,
FUR.AS,a,Fastned B.V.,Fugro N.V.,
IG.MI,a,Interpump Group S.p.A.,Italgas S.p.A.,
IP.MI,a+add,ERG S.p.A.,Interpump Group S.p.A.,
ERG.MI,added,,ERG S.p.A.,intended company from IP.MI
CPR.MI,a,Capri Holdings Limited,Davide Campari-Milano N.V.,
COL.MC,rename,Inmobiliaria Colonial S.A.R.E.,"Colonial SFL, Socimi S. A.",
EKTA-B.ST,a,Eltel AB,Elekta AB (publ),
LUND-B.ST,a,Lundin Mining Corporation,L E Lundbergföretagen AB (publ),
NSIS-B.CO,a,Netcompany Group A/S,Novozymes A/S,
TIETO.HE,rename,Tietoevry Oyj,Tieto Oyj,
SOLV.BR,replaced by SOLB.BR,Solvay SA,Solvay SA,
WDP.BR,rename,WDP NV,Warehouses De Pauw SA,
EDPR.LS,rename,"EDP Renováveis, S.A.","EDP Renewables, S.A.",
VATN.SW,a+add,VAT Group AG,Valiant Holding AG,
VACN.SW,added,,VAT Group AG,intended company from VATN.SW
ABX.TO,rename,Barrick Gold Corporation,Barrick Mining Corporation,
PETR4.SA,rename,Petróleo Brasileiro S.A.,Petróleo Brasileiro S.A. - Petrobras,
B3SA3.SA,rename,B3 S.A.,"B3 S.A. - Brasil, Bolsa, Balcão",
ALPEKA.MX,a,"Alfa, S.A.B. de C.V.","ALPEK, S.A.B. de C.V.",
