corporate_id,company_name,cik,tickers,assigned_at,merged_into,status
52067,1&1 AG,,1U1.DE,2026-09-25,,active
29215,"10x Genomics, Inc.",1770787,TXG,2026-09-25,,active
60715,2G Energy AG,,2GB.DE,2026-09-25,,active
30058,A. O. Smith Corporation,91142,AOS,2026-09-25,,active
60475,A.P. Møller - Mærsk A/S,,MAERSK-B.CO,2026-09-25,,active
94595,A2A S.p.A.,,A2A.MI,2026-09-25,,active
10763,ABB India Limited,,ABB.NS,2026-09-25,,active
82855,ABB Ltd,,ABBN.SW,2026-09-25,,active
96728,ABN AMRO Bank N.V.,,ABN.AS,2026-09-25,,active
84256,ACC Limited,,ACC.NS,2026-09-25,,active
58938,"ACS, Actividades de Construcción y Servicios S.A.",,ACS.MC,2026-09-25,,active
35213,AHT Syngas Technology N.V.,,3SQ1.DE,2026-09-27,,active
47948,"ALPEK, S.A.B. de C.V.",,ALPEKA.MX,2026-09-27,,active
33156,ANA Holdings Inc.,,9202.T,2026-09-25,,active
82420,ANTA Sports Products Limited,,2020.HK,2026-09-25,,active
70283,ANZ Group Holdings Limited,,ANZ.AX,2026-09-25,,active
36577,APA Corporation,1841666,APA,2026-09-25,,active
53037,APA Group,,APA.AX,2026-09-25,,active
70989,"ASE Technology Holding Co., Ltd.",,3711.TW,2026-09-25,,active
40285,ASM International N.V.,,ASM.AS,2026-09-25,,active
55558,ASML Holding N.V.,,ASML.AS,2026-09-25,,active
76509,ASSA ABLOY AB,,ASSA-B.ST,2026-09-25,,active
48523,ASUSTeK Computer Inc.,,2357.TW,2026-09-25,,active
86601,AT&T Inc.,732717,T,2026-09-25,,active
11572,ATOSS Software SE,,AOF.DE,2026-09-27,,active
50400,AUO Corporation,,2409.TW,2026-09-25,,active
65172,AVIC Xi'an Aircraft Industry Group Company Ltd.,,000768.SZ,2026-09-25,,active
79349,AXA S.A.,,CS.PA,2026-09-25,,active
68222,Aalberts N.V.,,AALB.AS,2026-09-25,,active
24938,AbbVie Inc.,1551152,ABBV,2026-09-25,,active
31944,Abbott Laboratories,1800,ABT,2026-09-25,,active
45919,Accenture plc,1467373,ACN,2026-09-25,,active
86771,Acciona S.A.,,ANA.MC,2026-09-25,,active
77768,Accor S.A.,,AC.PA,2026-09-25,,active
14160,Ackermans & van Haaren NV,,ACKB.BR,2026-09-25,,active
90860,Adani Enterprises Limited,,ADANIENT.NS,2026-09-25,,active
13264,Adani Green Energy Limited,,ADANIGREEN.NS,2026-09-25,,active
95950,Adani Ports and Special Economic Zone Limited,,ADANIPORTS.NS,2026-09-25,,active
38159,Adani Power Limited,,ADANIPOWER.NS,2026-09-25,,active
69672,Adidas AG,,ADS.DE,2026-09-25,,active
52863,Adobe Inc.,796343,ADBE,2026-09-25,,active
92122,Adtran Networks SE,,ADV.DE,2026-09-25,,active
54993,Advanced Info Service Public Company Limited,,ADVANC.BK,2026-09-25,,active
47669,"Advanced Micro Devices, Inc.",2488,AMD,2026-09-25,,active
20185,"Advantech Co., Ltd.",,2395.TW,2026-09-25,,active
58582,Advantest Corporation,,6857.T,2026-09-25,,active
86598,Adyen N.V.,,ADYEN.AS,2026-09-25,,active
15565,Aegon N.V.,,AGN.AS,2026-09-25,,active
31250,Aena S.M.E. S.A.,,AENA.MC,2026-09-25,,active
47329,"Aeon Co., Ltd.",,8267.T,2026-09-25,,active
68847,Aflac Incorporated,4977,AFL,2026-09-25,,active
67717,Ageas SA/NV,,AGS.BR,2026-09-25,,active
34654,"Agilent Technologies, Inc.",1090872,A,2026-09-25,,active
28884,Agnico Eagle Mines Limited,,AEM.TO,2026-09-25,,active
10036,Agricultural Bank of China Limited,,1288.HK;601288.SS,2026-09-25,,active
46465,"Aier Eye Hospital Group Co., Ltd.",,300015.SZ,2026-09-25,,active
20158,Air China Limited,,601111.SS,2026-09-25,,active
43848,Air Liquide S.A.,,AI.PA,2026-09-25,,active
51349,Airbus SE,,AIR.PA,2026-09-25,,active
30039,Airports of Thailand Public Company Limited,,AOT.BK,2026-09-25,,active
76480,Aixtron SE,,AIXA.DE,2026-09-25,,active
24224,"Ajinomoto Co., Inc.",,2802.T,2026-09-25,,active
26940,"Akamai Technologies, Inc.",1086222,AKAM,2026-09-25,,active
20972,Akzo Nobel N.V.,,AKZA.AS,2026-09-25,,active
24036,Albemarle Corporation,915913,ALB,2026-09-25,,active
82109,Alcon Inc.,,ALC.SW,2026-09-25,,active
93733,"Alexandria Real Estate Equities, Inc.",1035443,ARE,2026-09-25,,active
21044,Alfa Laval AB,,ALFA.ST,2026-09-25,,active
63634,Alibaba Group Holding Limited,,9988.HK,2026-09-25,,active
20223,"Align Technology, Inc.",1097149,ALGN,2026-09-25,,active
36719,Alimentation Couche-Tard Inc.,,ATD.TO,2026-09-25,,active
73652,All for One Group SE,,A1OS.DE,2026-09-27,,active
82301,Allegion plc,1579241,ALLE,2026-09-25,,active
86916,Alliant Energy Corporation,352541,LNT,2026-09-25,,active
36004,Allianz SE,,ALV.DE,2026-09-25,,active
82035,Alphabet Inc.,1652044,GOOGL;GOOG,2026-09-25,,active
19583,Alstom S.A.,,ALO.PA,2026-09-25,,active
89677,"Altria Group, Inc.",764180,MO,2026-09-25,,active
53195,Aluminum Corporation of China Limited,,2600.HK,2026-09-25,,active
70865,Amadeus FiRe AG,,AAD.DE,2026-09-27,,active
48125,Amadeus IT Group S.A.,,AMS.MC,2026-09-25,,active
57233,"Amazon.com, Inc.",1018724,AMZN,2026-09-25,,active
82706,Ambev S.A.,,ABEV3.SA,2026-09-25,,active
68645,Ambuja Cements Limited,,AMBUJACEM.NS,2026-09-25,,active
62524,Amcor plc,1748790,AMCR,2026-09-25,,active
28792,Ameren Corporation,1002910,AEE,2026-09-25,,active
31249,American Airlines Group Inc.,6201,AAL,2026-09-25,,active
37481,"American Electric Power Company, Inc.",4904,AEP,2026-09-25,,active
12743,American Express Company,4962,AXP,2026-09-25,,active
18567,"American International Group, Inc.",5272,AIG,2026-09-25,,active
84834,"American Water Works Company, Inc.",1410636,AWK,2026-09-25,,active
23304,"Ameriprise Financial, Inc.",820027,AMP,2026-09-25,,active
56730,Amgen Inc.,318154,AMGN,2026-09-25,,active
70425,Amphenol Corporation,820313,APH,2026-09-25,,active
65394,Amplifon S.p.A.,,AMP.MI,2026-09-25,,active
93825,"Analog Devices, Inc.",6281,ADI,2026-09-25,,active
24086,Andritz AG,,ANDR.VI,2026-09-25,,active
26976,Anglo American plc,,AAL.L,2026-09-25,,active
47599,Anheuser-Busch InBev SA/NV,,ABI.BR,2026-09-25,,active
85747,Anhui Conch Cement Company Limited,,0914.HK;600585.SS,2026-09-25,,active
53174,"Anhui Jianghuai Automobile Group Corp., Ltd.",,600418.SS;0922.HK,2026-09-25,,active
87399,Aon plc,315293,AON,2026-09-25,,active
24994,"Apollo Global Management, Inc.",1858681,APO,2026-09-25,,active
31488,Apollo Hospitals Enterprise Limited,,APOLLOHOSP.NS,2026-09-25,,active
70357,Apple Inc.,320193,AAPL,2026-09-25,,active
87952,"Applied Materials, Inc.",6951,AMAT,2026-09-25,,active
63268,Archer-Daniels-Midland Company,7084,ADM,2026-09-25,,active
76824,"Arista Networks, Inc.",1596532,ANET,2026-09-25,,active
51209,Aristocrat Leisure Limited,,ALL.AX,2026-09-25,,active
19314,Arkema S.A.,,AKE.PA,2026-09-25,,active
85253,Aroundtown SA,,AT1.DE,2026-09-27,,active
83962,Arthur J. Gallagher & Co.,354190,AJG,2026-09-25,,active
73252,"Asahi Group Holdings, Ltd.",,2502.T,2026-09-25,,active
72976,Asahi Kasei Corporation,,3407.T,2026-09-25,,active
87791,Asia Cement Corporation,,1102.TW,2026-09-25,,active
89864,Asian Paints Limited,,ASIANPAINT.NS,2026-09-25,,active
90739,Assicurazioni Generali S.p.A.,,G.MI,2026-09-25,,active
39444,"Assurant, Inc.",1267238,AIZ,2026-09-25,,active
69460,Astellas Pharma Inc.,,4503.T,2026-09-25,,active
28373,AstraZeneca plc,,AZN.L,2026-09-25,,active
18793,Atlas Copco AB,,ATCO-A.ST,2026-09-25,,active
85088,Atmos Energy Corporation,731802,ATO,2026-09-25,,active
45302,Aurobindo Pharma Limited,,AUROPHARMA.NS,2026-09-25,,active
75394,Aurubis AG,,NDA.DE,2026-09-25,,active
94918,"AutoZone, Inc.",866787,AZO,2026-09-25,,active
41572,"Autodesk, Inc.",769397,ADSK,2026-09-25,,active
70081,"Autoliv, Inc.",,ALIV-SDB.ST,2026-09-25,,active
76367,"AvalonBay Communities, Inc.",915912,AVB,2026-09-25,,active
28142,Avenue Supermarts Limited,,DMART.NS,2026-09-25,,active
16232,Avery Dennison Corporation,8818,AVY,2026-09-25,,active
42921,Axiata Group Berhad,,6888.KL,2026-09-25,,active
37273,Axis Bank Limited,,AXISBANK.NS,2026-09-25,,active
74223,"Axon Enterprise, Inc.",1069183,AXON,2026-09-25,,active
64425,"B3 S.A. - Brasil, Bolsa, Balcão",,B3SA3.SA,2026-09-25,,active
15523,BASF SE,,BAS.DE,2026-09-25,,active
75722,BCE Inc.,,BCE.TO,2026-09-25,,active
37093,BE Semiconductor Industries N.V.,,BESI.AS,2026-09-25,,active
74205,BHP Group Limited,,BHP.AX,2026-09-25,,active
66707,BNP Paribas S.A.,,BNP.PA,2026-09-25,,active
73645,BOC Hong Kong (Holdings) Limited,,2388.HK,2026-09-25,,active
53937,"BOE Technology Group Co., Ltd.",,000725.SZ,2026-09-25,,active
81597,BP plc,,BP.L,2026-09-25,,active
94365,BPER Banca S.p.A.,,BPE.MI,2026-09-25,,active
17136,"BXP, Inc.",1037540,BXP,2026-09-25,,active
81072,BYD Company Limited,,1211.HK;002594.SZ,2026-09-25,,active
31999,Baader Bank Aktiengesellschaft,,BWB.DE,2026-09-27,,active
33807,"Baidu, Inc.",,9888.HK,2026-09-25,,active
78932,Bajaj Auto Limited,,BAJAJ-AUTO.NS,2026-09-25,,active
58734,Bajaj Finance Limited,,BAJFINANCE.NS,2026-09-25,,active
43443,Bajaj Finserv Limited,,BAJAJFINSV.NS,2026-09-25,,active
20326,Baker Hughes Company,1701605,BKR,2026-09-25,,active
80413,Ball Corporation,9389,BALL,2026-09-25,,active
48227,Banco BPM S.p.A.,,BAMI.MI,2026-09-25,,active
51770,Banco Bilbao Vizcaya Argentaria S.A.,,BBVA.MC,2026-09-25,,active
98017,Banco Bradesco S.A.,,BBDC4.SA,2026-09-25,,active
74479,"Banco Comercial Português, S.A.",,BCP.LS,2026-09-25,,active
69230,Banco Santander S.A.,,SAN.MC,2026-09-25,,active
19182,Banco do Brasil S.A.,,BBAS3.SA,2026-09-25,,active
50317,Bandai Namco Holdings Inc.,,7832.T,2026-09-25,,active
56789,Bangkok Dusit Medical Services Public Company Limited,,BDMS.BK,2026-09-25,,active
35685,Bank Pekao S.A.,,PEO.WA,2026-09-25,,active
54912,Bank of America Corporation,70858,BAC,2026-09-25,,active
14714,"Bank of Beijing Co., Ltd.",,601169.SS,2026-09-25,,active
18680,Bank of China Limited,,3988.HK;601988.SS,2026-09-25,,active
40400,"Bank of Communications Co., Ltd.",,601328.SS,2026-09-25,,active
96295,Bank of Montreal,,BMO.TO,2026-09-25,,active
56733,"Bank of Nanjing Co., Ltd.",,601009.SS,2026-09-27,,active
46772,"Bank of Ningbo Co., Ltd.",,002142.SZ,2026-09-25,,active
30262,Bank of Nova Scotia,,BNS.TO,2026-09-25,,active
65979,"Bank of Shanghai Co., Ltd.",,601229.SS,2026-09-25,,active
41069,Bankinter S.A.,,BKT.MC,2026-09-25,,active
98327,"Baoshan Iron & Steel Co., Ltd.",,600019.SS,2026-09-25,,active
21417,Barclays plc,,BARC.L,2026-09-25,,active
52667,Barrick Mining Corporation,,ABX.TO,2026-09-25,,active
26489,Basler AG,,BSL.DE,2026-09-25,,active
52735,Baxter International Inc.,10456,BAX,2026-09-25,,active
43324,BayWa AG,,BYW6.DE;BYW.DE,2026-09-25,,active
24268,Bayer AG,,BAYN.DE,2026-09-27,,active
67928,Bayerische Motoren Werke AG,,BMW.DE,2026-09-25,,active
67897,BeOne Medicines AG,,6160.HK,2026-09-27,,active
42291,Bechtle AG,,BC8.DE,2026-09-27,,active
53923,"Becton, Dickinson and Company",10795,BDX,2026-09-25,,active
77447,Befesa S.A.,,BFSA.DE,2026-09-27,,active
93724,Beiersdorf AG,,BEI.DE,2026-09-25,,active
94548,"Beijing-Shanghai High-Speed Railway Co., Ltd.",,601816.SS,2026-09-27,,active
14701,Berentzen-Gruppe Aktiengesellschaft,,BEZ.DE,2026-09-27,,active
22871,Berger Paints India Limited,,BERGEPAINT.NS,2026-09-25,,active
38610,Berkshire Hathaway Inc.,1067983,BRK-B,2026-09-25,,active
63290,"Best Buy Co., Inc.",764478,BBY,2026-09-25,,active
43753,Bharat Electronics Limited,,BEL.NS,2026-09-25,,active
77005,Bharat Petroleum Corporation Limited,,BPCL.NS,2026-09-25,,active
66830,Bharti Airtel Limited,,BHARTIARTL.NS,2026-09-25,,active
97046,Bijou Brigitte AG,,BIJ.DE,2026-09-25,,active
64977,Bilfinger SE,,GBF.DE,2026-09-27,,active
51897,"Bio-Rad Laboratories, Inc.",12208,BIO,2026-09-25,,active
70367,Bio-Techne Corporation,842023,TECH,2026-09-25,,active
39346,BioMérieux S.A.,,BIM.PA,2026-09-25,,active
98133,Biocon Limited,,BIOCON.NS,2026-09-25,,active
63329,Biogen Inc.,875045,BIIB,2026-09-25,,active
26490,"BlackRock, Inc.",2012383,BLK,2026-09-25,,active
26187,Blackstone Inc.,1393818,BX,2026-09-25,,active
73232,Boliden AB,,BOL.ST,2026-09-25,,active
43782,Booking Holdings Inc.,1075531,BKNG,2026-09-25,,active
39751,Borussia Dortmund GmbH & Co. KGaA,,BVB.DE,2026-09-25,,active
51790,Boston Scientific Corporation,885725,BSX,2026-09-25,,active
89777,Bouygues S.A.,,EN.PA,2026-09-25,,active
31336,Brembo S.p.A.,,BRE.MI,2026-09-25,,active
11588,Bridgestone Corporation,,5108.T,2026-09-25,,active
22798,Bristol-Myers Squibb Company,14272,BMY,2026-09-25,,active
36683,Britannia Industries Limited,,BRITANNIA.NS,2026-09-25,,active
23930,British American Tobacco p.l.c.,,BATS.L,2026-09-25,,active
24197,Broadcom Inc.,1730168,AVGO,2026-09-25,,active
58273,"Broadridge Financial Solutions, Inc.",1383312,BR,2026-09-25,,active
19569,Brookfield Asset Management Ltd.,,BAM.TO,2026-09-25,,active
22870,"Brown & Brown, Inc.",79282,BRO,2026-09-25,,active
34540,Brown-Forman Corporation,14693,BF-B,2026-09-25,,active
89266,Brunello Cucinelli S.p.A.,,BC.MI,2026-09-25,,active
73371,Bunge Global SA,1996862,BG,2026-09-25,,active
48810,Bureau Veritas S.A.,,BVI.PA,2026-09-25,,active
24995,"C.H. Robinson Worldwide, Inc.",1043277,CHRW,2026-09-25,,active
50179,"CBRE Group, Inc.",1138118,CBRE,2026-09-25,,active
92253,CDW Corporation,1402057,CDW,2026-09-25,,active
79866,CEWE Stiftung & Co. KGaA,,CWC.DE,2026-09-27,,active
32763,"CF Industries Holdings, Inc.",1324404,CF,2026-09-25,,active
16317,CGI Inc.,,GIB-A.TO,2026-09-25,,active
35046,CIMB Group Holdings Berhad,,1023.KL,2026-09-25,,active
92575,CITIC Limited,,0267.HK,2026-09-25,,active
17037,CITIC Securities Company Limited,,600030.SS,2026-09-25,,active
39311,CJ CheilJedang Corp.,,097950.KS,2026-09-25,,active
15863,CJ Corporation,,001040.KS,2026-09-25,,active
48455,CK Asset Holdings Limited,,1113.HK,2026-09-25,,active
37402,CK Hutchison Holdings Limited,,0001.HK,2026-09-25,,active
19715,CK Infrastructure Holdings Limited,,1038.HK,2026-09-25,,active
62501,CLP Holdings Limited,,0002.HK,2026-09-25,,active
23302,CME Group Inc.,1156375,CME,2026-09-25,,active
79095,CMS Energy Corporation,811156,CMS,2026-09-25,,active
46798,CNOOC Limited,,0883.HK,2026-09-25,,active
64685,"COSCO SHIPPING Holdings Co., Ltd.",,601919.SS,2026-09-25,,active
60757,COSCO SHIPPING Ports Limited,,1199.HK,2026-09-25,,active
37692,CP ALL Public Company Limited,,CPALL.BK,2026-09-25,,active
97187,CRRC Corporation Limited,,601766.SS,2026-09-25,,active
12303,CSL Limited,,CSL.AX,2026-09-25,,active
31083,CSPC Pharmaceutical Group Limited,,1093.HK,2026-09-25,,active
14131,CSX Corporation,277948,CSX,2026-09-25,,active
34974,"CTBC Financial Holding Co., Ltd.",,2891.TW,2026-09-25,,active
61354,CTS Eventim AG & Co. KGaA,,EVD.DE,2026-09-27,,active
90869,CVS Health Corporation,64803,CVS,2026-09-25,,active
22966,"Cadence Design Systems, Inc.",813672,CDNS,2026-09-25,,active
34646,"Caesars Entertainment, Inc.",1590895,CZR,2026-09-25,,active
79441,CaixaBank S.A.,,CABK.MC,2026-09-25,,active
48854,Camden Property Trust,906345,CPT,2026-09-25,,active
81528,Campbell Soup Company,16732,CPB,2026-09-25,,active
49504,Canadian National Railway Company,,CNR.TO,2026-09-25,,active
38626,Canadian Natural Resources Limited,,CNQ.TO,2026-09-25,,active
29961,Canadian Pacific Kansas City Limited,,CP.TO,2026-09-25,,active
58183,Canara Bank,,CANBK.NS,2026-09-25,,active
22977,Cancom SE,,COK.DE,2026-09-27,,active
44262,Canon Inc.,,7751.T,2026-09-25,,active
54982,Capgemini SE,,CAP.PA,2026-09-25,,active
51599,Capital One Financial Corporation,927628,COF,2026-09-25,,active
94213,Capital Securities Corporation,,6005.TW,2026-09-25,,active
42260,"CarMax, Inc.",1170010,KMX,2026-09-25,,active
21713,"Cardinal Health, Inc.",721371,CAH,2026-09-25,,active
95225,Carl Zeiss Meditec AG,,AFX.DE,2026-09-25,,active
37509,Carlsberg A/S,,CARL-B.CO,2026-09-25,,active
42875,Carnival Corporation & plc,815097,CCL,2026-09-25,,active
21732,Carrefour S.A.,,CA.PA,2026-09-25,,active
72374,Carrier Global Corporation,1783180,CARR,2026-09-25,,active
29993,Castellum AB,,CAST.ST,2026-09-25,,active
63517,Caterpillar Inc.,18230,CAT,2026-09-25,,active
98319,"Cathay Financial Holding Co., Ltd.",,2882.TW,2026-09-25,,active
58305,Ceconomy AG,,CEC.DE,2026-09-25,,active
36149,Celanese Corporation,1306830,CE,2026-09-25,,active
10863,Cellnex Telecom S.A.,,CLNX.MC,2026-09-25,,active
92789,"Celltrion, Inc.",,068270.KS,2026-09-25,,active
66963,"Cemex, S.A.B. de C.V.",,CEMEXCPO.MX,2026-09-25,,active
56968,"Cencora, Inc.",1140859,COR,2026-09-25,,active
45158,Cenovus Energy Inc.,,CVE.TO,2026-09-25,,active
49885,Centene Corporation,1071739,CNC,2026-09-25,,active
67502,"CenterPoint Energy, Inc.",1130310,CNP,2026-09-25,,active
23270,Central Bank of India,,CENTRALBK.NS,2026-09-25,,active
14081,Central Japan Railway Company,,9022.T,2026-09-25,,active
74845,"Chang Hwa Commercial Bank, Ltd.",,2801.TW,2026-09-25,,active
45779,"Charles River Laboratories International, Inc.",1100682,CRL,2026-09-25,,active
89141,"Cheng Shin Rubber Ind. Co., Ltd.",,2105.TW,2026-09-25,,active
14678,Chevron Corporation,93410,CVX,2026-09-25,,active
95417,China Citic Bank Corporation Limited,,601998.SS,2026-09-25,,active
98074,China Coal Energy Company Limited,,601898.SS,2026-09-25,,active
70195,China Communications Construction Company Limited,,601800.SS,2026-09-25,,active
57845,China Construction Bank Corporation,,0939.HK;601939.SS,2026-09-25,,active
69314,China Everbright Bank Company Limited,,601818.SS,2026-09-25,,active
92364,China Hongqiao Group Limited,,1378.HK,2026-09-25,,active
65021,China Life Insurance Company Limited,,2628.HK;601628.SS,2026-09-25,,active
82680,China Mengniu Dairy Company Limited,,2319.HK,2026-09-25,,active
38438,"China Merchants Bank Co., Ltd.",,3968.HK;600036.SS,2026-09-25,,active
83549,"China Minsheng Banking Corp., Ltd.",,600016.SS,2026-09-25,,active
98323,China Mobile Limited,,0941.HK,2026-09-25,,active
84366,China National Building Material Company Limited,,3323.HK,2026-09-25,,active
73346,China Overseas Land & Investment Limited,,0688.HK,2026-09-25,,active
35013,"China Pacific Insurance (Group) Co., Ltd.",,601601.SS,2026-09-25,,active
70722,China Petroleum & Chemical Corporation,,600028.SS,2026-09-25,,active
39944,China Railway Group Limited,,601390.SS,2026-09-25,,active
29105,China Resources Beer (Holdings) Company Limited,,0291.HK,2026-09-25,,active
33456,China Resources Land Limited,,1109.HK,2026-09-25,,active
25786,China Resources Mixc Lifestyle Services Limited,,1209.HK,2026-09-25,,active
44525,China Shenhua Energy Company Limited,,1088.HK;601088.SS,2026-09-25,,active
28945,China State Construction Engineering Corporation Limited,,601668.SS,2026-09-25,,active
61494,China State Construction International Holdings Limited,,3311.HK,2026-09-25,,active
53294,China Steel Corporation,,2002.TW,2026-09-25,,active
30637,China Telecom Corporation Limited,,601728.SS,2026-09-25,,active
43730,China Tourism Duty Free Corporation Limited,,601888.SS,2026-09-25,,active
61306,China Unicom (Hong Kong) Limited,,0762.HK,2026-09-25,,active
21309,"China Vanke Co., Ltd.",,000002.SZ,2026-09-25,,active
59056,"China Yangtze Power Co., Ltd.",,600900.SS,2026-09-25,,active
80980,"Chipotle Mexican Grill, Inc.",1058090,CMG,2026-09-25,,active
23433,"Chongqing Zhifei Biological Products Co., Ltd.",,300122.SZ,2026-09-25,,active
94811,Chow Tai Fook Jewellery Group Limited,,1929.HK,2026-09-25,,active
49774,Chubb Limited,896159,CB,2026-09-25,,active
40775,"Chubu Electric Power Company, Incorporated",,9502.T,2026-09-25,,active
58770,"Chugai Pharmaceutical Co., Ltd.",,4519.T,2026-09-25,,active
62577,"Chunghwa Telecom Co., Ltd.",,2412.TW,2026-09-25,,active
40304,"Church & Dwight Co., Inc.",313927,CHD,2026-09-25,,active
11700,Cincinnati Financial Corporation,20286,CINF,2026-09-25,,active
21220,Cintas Corporation,723254,CTAS,2026-09-25,,active
73709,Cipla Limited,,CIPLA.NS,2026-09-25,,active
29837,"Cisco Systems, Inc.",858877,CSCO,2026-09-25,,active
60130,Citigroup Inc.,831001,C,2026-09-25,,active
64421,"Citizens Financial Group, Inc.",759944,CFG,2026-09-25,,active
79792,"CoStar Group, Inc.",1057352,CSGP,2026-09-25,,active
21566,Coal India Limited,,COALINDIA.NS,2026-09-25,,active
91147,Cognizant Technology Solutions Corporation,1058290,CTSH,2026-09-25,,active
47277,Colgate-Palmolive (India) Limited,,COLPAL.NS,2026-09-25,,active
90109,Colgate-Palmolive Company,21665,CL,2026-09-25,,active
89281,"Colonial SFL, Socimi S. A.",,COL.MC,2026-09-25,,active
27002,Coloplast A/S,,COLO-B.CO,2026-09-25,,active
16014,ComfortDelGro Corporation Limited,,C52.SI,2026-09-25,,active
38337,Commerzbank AG,,CBK.DE,2026-09-25,,active
87357,Commonwealth Bank of Australia,,CBA.AX,2026-09-25,,active
10382,Compagnie Financière Richemont S.A.,,CFR.SW,2026-09-25,,active
55079,Compagnie Générale des Établissements Michelin,,ML.PA,2026-09-25,,active
53019,Compagnie de Saint-Gobain S.A.,,SGO.PA,2026-09-25,,active
39145,"Conagra Brands, Inc.",23217,CAG,2026-09-25,,active
68564,ConocoPhillips,1163165,COP,2026-09-25,,active
59737,"Consolidated Edison, Inc.",1047862,ED,2026-09-25,,active
72437,"Constellation Brands, Inc.",16918,STZ,2026-09-25,,active
60310,Constellation Energy Corporation,1868275,CEG,2026-09-25,,active
45279,"Contemporary Amperex Technology Co., Limited (CATL)",,300750.SZ,2026-09-25,,active
11111,Continental AG,,CON.DE,2026-09-25,,active
57974,"Copart, Inc.",900075,CPRT,2026-09-25,,active
55613,Corning Incorporated,24741,GLW,2026-09-25,,active
28822,"Corteva, Inc.",1755672,CTVA,2026-09-25,,active
36607,Costco Wholesale Corporation,909832,COST,2026-09-25,,active
98842,"Credit Saison Co., Ltd.",,8253.T,2026-09-25,,active
27336,"CrowdStrike Holdings, Inc.",1535527,CRWD,2026-09-25,,active
29618,Crown Castle Inc.,1051470,CCI,2026-09-25,,active
22413,Crédit Agricole S.A.,,ACA.PA,2026-09-25,,active
42795,Cummins Inc.,26172,CMI,2026-09-25,,active
11995,Cummins India Limited,,CUMMINSIND.NS,2026-09-25,,active
86027,"D.R. Horton, Inc.",882184,DHI,2026-09-25,,active
10022,"DB Insurance Co., Ltd.",,005830.KS,2026-09-25,,active
74597,DBS Group Holdings Ltd,,D05.SI,2026-09-25,,active
90711,DHL Group,,DHL.DE,2026-09-25,,active
52826,DLF Limited,,DLF.NS,2026-09-25,,active
92259,DSM-Firmenich AG,,DSFIR.AS,2026-09-25,,active
78989,DSV A/S,,DSV.CO,2026-09-25,,active
44355,DTE Energy Company,936340,DTE,2026-09-25,,active
81344,DXC Technology Company,1688568,DXC,2026-09-25,,active
30181,DaVita Inc.,927066,DVA,2026-09-25,,active
43214,Dabur India Limited,,DABUR.NS,2026-09-25,,active
73470,"Dai-ichi Life Holdings, Inc.",,8750.T,2026-09-25,,active
88291,"Daiichi Sankyo Company, Limited",,4568.T,2026-09-25,,active
27092,"Daikin Industries, Ltd.",,6367.T,2026-09-25,,active
13822,Daimler Truck Holding AG,,DTG.DE,2026-09-25,,active
60126,"Daiwa House Industry Co., Ltd.",,1925.T,2026-09-25,,active
30659,Danaher Corporation,313616,DHR,2026-09-25,,active
17630,Danone S.A.,,BN.PA,2026-09-25,,active
43059,Danske Bank A/S,,DANSKE.CO,2026-09-25,,active
75903,"Daqin Railway Co., Ltd.",,601006.SS,2026-09-25,,active
17509,"Darden Restaurants, Inc.",940944,DRI,2026-09-25,,active
14377,Dassault Systèmes SE,,DSY.PA,2026-09-25,,active
27440,Davide Campari-Milano N.V.,,CPR.MI,2026-09-27,,active
93739,Deere & Company,315189,DE,2026-09-25,,active
48529,Delivery Hero SE,,DHER.DE,2026-09-25,,active
68297,Dell Technologies Inc.,1571996,DELL,2026-09-25,,active
65842,"Delta Air Lines, Inc.",27904,DAL,2026-09-25,,active
28971,Delta Electronics (Thailand) Public Company Limited,,DELTA.BK,2026-09-25,,active
28135,"Delta Electronics, Inc.",,2308.TW,2026-09-25,,active
45358,Demant A/S,,DEMANT.CO,2026-09-25,,active
62387,Denso Corporation,,6902.T,2026-09-25,,active
78391,Dentsply Sirona Inc.,818479,XRAY,2026-09-25,,active
15740,Deutsche Bank AG,,DBK.DE,2026-09-25,,active
16653,Deutsche Beteiligungs AG,,DBAN.DE,2026-09-27,,active
46005,Deutsche Börse AG,,DB1.DE,2026-09-25,,active
68205,Deutsche Lufthansa AG,,LHA.DE,2026-09-25,,active
68378,Deutsche Pfandbriefbank AG,,PBB.DE,2026-09-25,,active
94521,Deutsche Telekom AG,,DTE.DE,2026-09-25,,active
73369,Deutsche Wohnen SE,,DWNI.DE,2026-09-25,,active
80148,Devon Energy Corporation,1090012,DVN,2026-09-25,,active
72573,"DexCom, Inc.",1093557,DXCM,2026-09-25,,active
83853,DiaSorin S.p.A.,,DIA.MI,2026-09-25,,active
31324,Diageo plc,,DGE.L,2026-09-25,,active
94082,"Diamondback Energy, Inc.",1539838,FANG,2026-09-25,,active
97511,Dieteren Group,,DIE.BR,2026-09-25,,active
62129,"Digital Realty Trust, Inc.",1297996,DLR,2026-09-25,,active
38423,Dino Polska S.A.,,DNP.WA,2026-09-25,,active
20680,Divi's Laboratories Limited,,DIVISLAB.NS,2026-09-25,,active
63052,Dollar General Corporation,29534,DG,2026-09-25,,active
28737,"Dollar Tree, Inc.",935703,DLTR,2026-09-25,,active
27223,"Dominion Energy, Inc.",715957,D,2026-09-25,,active
94077,"Domino's Pizza, Inc.",1286681,DPZ,2026-09-25,,active
52774,Dover Corporation,29905,DOV,2026-09-25,,active
17518,Dow Inc.,1751788,DOW,2026-09-25,,active
67746,Dr. Ing. h.c. F. Porsche AG,,P911.DE,2026-09-25,,active
28719,Dr. Reddy's Laboratories Limited,,DRREDDY.NS,2026-09-25,,active
88165,"DuPont de Nemours, Inc.",1666700,DD,2026-09-25,,active
98811,Duke Energy Corporation,1326160,DUK,2026-09-25,,active
74973,Dürr AG,,DUE.DE,2026-09-25,,active
40355,E.ON SE,,EOAN.DE,2026-09-25,,active
31627,"E.SUN Financial Holding Co., Ltd.",,2884.TW,2026-09-25,,active
60189,EDAG Engineering Group AG,,ED4.DE,2026-09-27,,active
27796,"EDP - Energias de Portugal, S.A.",,EDP.LS,2026-09-25,,active
10181,"EDP Renewables, S.A.",,EDPR.LS,2026-09-25,,active
15175,"ENEOS Holdings, Inc.",,5020.T,2026-09-25,,active
55852,ENN Energy Holdings Limited,,2688.HK,2026-09-25,,active
16319,"EOG Resources, Inc.",821189,EOG,2026-09-25,,active
94863,EQT AB,,EQT.ST,2026-09-25,,active
47388,ERG S.p.A.,,ERG.MI,2026-09-27,,active
99234,"EVE Energy Co., Ltd.",,300014.SZ,2026-09-27,,active
36017,East Japan Railway Company,,9020.T,2026-09-25,,active
80868,"East Money Information Co., Ltd.",,300059.SZ,2026-09-25,,active
23491,Eastman Chemical Company,915389,EMN,2026-09-25,,active
99653,Eaton Corporation plc,1551182,ETN,2026-09-25,,active
45347,Eaton Vance Tax-Managed Diversified Equity Income Fund,1340736,ETY,2026-09-25,,active
80377,Eckert & Ziegler SE,,EUZ.DE,2026-09-27,,active
82414,Ecolab Inc.,31462,ECL,2026-09-25,,active
37344,Edenred SE,,EDEN.PA,2026-09-25,,active
92407,Edison International,827052,EIX,2026-09-25,,active
91526,Edwards Lifesciences Corporation,1099800,EW,2026-09-25,,active
31744,Eicher Motors Limited,,EICHERMOT.NS,2026-09-25,,active
67560,"Eisai Co., Ltd.",,4523.T,2026-09-25,,active
73747,Electronic Arts Inc.,712515,EA,2026-09-25,,active
97401,Elekta AB (publ),,EKTA-B.ST,2026-09-27,,active
77199,"Elevance Health, Inc.",1156039,ELV,2026-09-25,,active
26595,Eli Lilly and Company,59478,LLY,2026-09-25,,active
91494,Elia Group SA,,ELI.BR,2026-09-25,,active
38280,Elisa Oyj,,ELISA.HE,2026-09-25,,active
84056,Elmos Semiconductor SE,,ELG.DE,2026-09-25,,active
43972,ElringKlinger AG,,ZIL2.DE,2026-09-27,,active
66878,Emerson Electric Co.,32604,EMR,2026-09-25,,active
95443,Enagás S.A.,,ENG.MC,2026-09-25,,active
84821,Enbridge Inc.,,ENB.TO,2026-09-25,,active
95631,Endesa S.A.,,ELE.MC,2026-09-25,,active
28151,Enel S.p.A.,,ENEL.MI,2026-09-25,,active
15823,Engie S.A.,,ENGI.PA,2026-09-25,,active
58661,Eni S.p.A.,,ENI.MI,2026-09-25,,active
79782,"Enphase Energy, Inc.",1463101,ENPH,2026-09-25,,active
24240,Entergy Corporation,65984,ETR,2026-09-25,,active
78265,Epiroc AB,,EPI-A.ST,2026-09-25,,active
97804,Equifax Inc.,33185,EFX,2026-09-25,,active
89213,"Equinix, Inc.",1101239,EQIX,2026-09-25,,active
65418,Equity Residential,906107,EQR,2026-09-25,,active
42288,Erste Group Bank AG,,EBS.VI,2026-09-25,,active
85167,"Essex Property Trust, Inc.",920522,ESS,2026-09-25,,active
63641,EssilorLuxottica,,EL.PA,2026-09-25,,active
92600,Essity AB,,ESSITY-B.ST,2026-09-25,,active
53487,Eurofins Scientific SE,,ERF.PA,2026-09-25,,active
23209,"Everest Group, Ltd.",1095073,EG,2026-09-25,,active
26522,Evergreen Marine Corporation (Taiwan) Ltd.,,2603.TW,2026-09-25,,active
23328,"Evergy, Inc.",1711269,EVRG,2026-09-25,,active
60617,Eversource Energy,72741,ES,2026-09-25,,active
82132,Evolution AB,,EVO.ST,2026-09-25,,active
74611,Evonik Industries AG,,EVK.DE,2026-09-25,,active
13375,Evotec SE,,EVT.DE,2026-09-25,,active
59375,Exelon Corporation,1109357,EXC,2026-09-25,,active
52292,"Expedia Group, Inc.",1324424,EXPE,2026-09-25,,active
51990,"Expeditors International of Washington, Inc.",746515,EXPD,2026-09-25,,active
64195,Experian plc,,EXPN.L,2026-09-25,,active
60055,Extra Space Storage Inc.,1289490,EXR,2026-09-25,,active
77194,Exxon Mobil Corporation,2115436,XOM,2026-09-25,,active
55442,FIT Hon Teng Limited,,6088.HK,2026-09-25,,active
33049,FMC Corporation,37785,FMC,2026-09-25,,active
66502,Fair Isaac Corporation,814547,FICO,2026-09-25,,active
95272,Fanuc Corporation,,6954.T,2026-09-25,,active
98973,"Far EasTone Telecommunications Co., Ltd.",,4904.TW,2026-09-25,,active
28382,Far Eastern New Century Corporation,,1402.TW,2026-09-25,,active
93537,"Fast Retailing Co., Ltd.",,9983.T,2026-09-25,,active
71681,Fastenal Company,815556,FAST,2026-09-25,,active
26714,Fastighets AB Balder,,BALD-B.ST,2026-09-25,,active
67541,FedEx Corporation,1048911,FDX,2026-09-25,,active
82816,Federal Realty Investment Trust,34903,FRT,2026-09-25,,active
16431,Ferrari N.V.,,RACE.MI,2026-09-25,,active
27823,Ferrovial SE,,FER.MC,2026-09-25,,active
52205,"Fidelity National Information Services, Inc.",1136893,FIS,2026-09-25,,active
62590,Fielmann AG,,FIE.DE,2026-09-25,,active
27063,Fifth Third Bancorp,35527,FITB,2026-09-25,,active
22854,FinecoBank S.p.A.,,FBK.MI,2026-09-25,,active
62005,"First Financial Holding Co., Ltd.",,2892.TW,2026-09-25,,active
28991,"First Solar, Inc.",1274494,FSLR,2026-09-25,,active
24307,FirstEnergy Corp.,1031296,FE,2026-09-25,,active
29527,Fluidra S.A.,,FDR.MC,2026-09-25,,active
91575,"Focus Media Information Technology Co., Ltd.",,002027.SZ,2026-09-25,,active
56672,"Fomento Económico Mexicano, S.A.B. de C.V.",,FEMSAUBD.MX,2026-09-25,,active
90582,Formosa Chemicals & Fibre Corporation,,1326.TW,2026-09-25,,active
80739,Formosa Petrochemical Corporation,,6505.TW,2026-09-25,,active
38739,Formosa Plastics Corporation,,1301.TW,2026-09-25,,active
55776,Fortescue Ltd,,FMG.AX,2026-09-25,,active
72253,Fortive Corporation,1659166,FTV,2026-09-25,,active
83113,Fortum Oyj,,FORTUM.HE,2026-09-25,,active
26114,Forvia SE,,FRVIA.PA,2026-09-25,,active
67825,Fox Corporation,1754301,FOXA;FOX,2026-09-25,,active
13553,"Foxconn Industrial Internet Co., Ltd.",,601138.SS,2026-09-25,,active
75117,Franco-Nevada Corporation,,FNV.TO,2026-09-25,,active
78002,Franklin Templeton Inc.,38777,BEN,2026-09-25,,active
74159,Fraport AG,,FRA.DE,2026-09-25,,active
26535,Fresenius Medical Care AG & Co. KGaA,,FME.DE,2026-09-25,,active
29593,Fresenius SE & Co. KGaA,,FRE.DE,2026-09-25,,active
15201,"Fubon Financial Holding Co., Ltd.",,2881.TW,2026-09-25,,active
91167,Fuchs SE,,FPE3.DE,2026-09-27,,active
51226,Fugro N.V.,,FUR.AS,2026-09-27,,active
68146,"Fuji Electric Co., Ltd.",,6504.T,2026-09-25,,active
87759,Fujifilm Holdings Corporation,,4901.T,2026-09-25,,active
97502,Fujitsu Limited,,6702.T,2026-09-25,,active
40906,"Fukuoka Financial Group, Inc.",,8354.T,2026-09-25,,active
25465,GAIL (India) Limited,,GAIL.NS,2026-09-25,,active
27457,GE Aerospace,40545,GE,2026-09-25,,active
25979,GE HealthCare Technologies Inc.,1932393,GEHC,2026-09-25,,active
72066,GE Vernova Inc.,1996810,GEV,2026-09-25,,active
44440,GEA Group AG,,G1A.DE,2026-09-25,,active
70428,GFT Technologies SE,,GFT.DE,2026-09-25,,active
60474,GN Store Nord A/S,,GN.CO,2026-09-25,,active
43588,GSK plc,,GSK.L,2026-09-25,,active
36056,Galaxy Entertainment Group Limited,,0027.HK,2026-09-25,,active
99946,"Galp Energia, SGPS, S.A.",,GALP.LS,2026-09-25,,active
36532,"Ganfeng Lithium Group Co., Ltd.",,002460.SZ,2026-09-25,,active
77494,Garmin Ltd.,1121788,GRMN,2026-09-25,,active
21584,"Gartner, Inc.",749251,IT,2026-09-25,,active
10841,Geberit AG,,GEBN.SW,2026-09-25,,active
78831,Gecina S.A.,,GFC.PA,2026-09-25,,active
37430,Geely Automobile Holdings Limited,,0175.HK,2026-09-25,,active
67612,Gen Digital Inc.,849399,GEN,2026-09-25,,active
33611,Generac Holdings Inc.,1474735,GNRC,2026-09-25,,active
78887,General Dynamics Corporation,40533,GD,2026-09-25,,active
98258,"General Mills, Inc.",40704,GIS,2026-09-25,,active
38984,Genmab A/S,,GMAB.CO,2026-09-25,,active
65971,Genting Singapore Limited,,G13.SI,2026-09-25,,active
77409,Genuine Parts Company,40987,GPC,2026-09-25,,active
53558,Gerresheimer AG,,GXI.DE,2026-09-25,,active
90985,Getinge AB,,GETI-B.ST,2026-09-25,,active
57792,"Gilead Sciences, Inc.",882095,GILD,2026-09-25,,active
86058,Givaudan SA,,GIVN.SW,2026-09-25,,active
19001,Glencore plc,,GLEN.L,2026-09-25,,active
47217,Global Payments Inc.,1123360,GPN,2026-09-25,,active
37169,Globe Life Inc.,320335,GL,2026-09-25,,active
42245,GoDaddy Inc.,1609711,GDDY,2026-09-25,,active
42766,Godrej Consumer Products Limited,,GODREJCP.NS,2026-09-25,,active
77495,GoerTek Inc.,,002241.SZ,2026-09-25,,active
93509,Goodman Group,,GMG.AX,2026-09-25,,active
96590,Grammer AG,,GMM.DE,2026-09-25,,active
52227,Grand City Properties S.A.,,GYC.DE,2026-09-27,,active
90744,Grasim Industries Limited,,GRASIM.NS,2026-09-25,,active
20773,"Gree Electric Appliances, Inc. of Zhuhai",,000651.SZ,2026-09-25,,active
10565,Grenke AG,,GLJ.DE,2026-09-27,,active
57147,Grifols S.A.,,GRF.MC,2026-09-25,,active
19765,"Gruma, S.A.B. de C.V.",,GRUMAB.MX,2026-09-25,,active
48702,"Grupo Bimbo, S.A.B. de C.V.",,BIMBOA.MX,2026-09-25,,active
96371,"Grupo Financiero Banorte, S.A.B. de C.V.",,GFNORTEO.MX,2026-09-25,,active
34325,"Grupo México, S.A.B. de C.V.",,GMEXICOB.MX,2026-09-25,,active
93095,Gulf Energy Development Public Company Limited,,GULF.BK,2026-09-25,,active
72494,"Guosen Securities Co., Ltd.",,002736.SZ,2026-09-25,,active
46348,"Guotai Haitong Securities Co., Ltd.",,601211.SS,2026-09-25,,active
74419,H & M Hennes & Mauritz AB,,HM-B.ST,2026-09-25,,active
46302,H&R GmbH & Co. KGaA,,2HRA.DE,2026-09-27,,active
64033,"HCA Healthcare, Inc.",860730,HCA,2026-09-25,,active
28768,HCL Technologies Limited,,HCLTECH.NS,2026-09-25,,active
34182,HDFC Bank Limited,,HDFCBANK.NS,2026-09-25,,active
57029,HDFC Life Insurance Company Limited,,HDFCLIFE.NS,2026-09-25,,active
83719,HELLA GmbH & Co. KGaA,,HLE.DE,2026-09-27,,active
58104,"HMM Co., Ltd.",,011200.KS,2026-09-25,,active
43683,HORNBACH Holding AG & Co. KGaA,,HBH.DE,2026-09-27,,active
73010,HP Inc.,47217,HPQ,2026-09-25,,active
55297,HSBC Holdings plc,,0005.HK;HSBA.L,2026-09-25,,active
10389,HUGO BOSS AG,,BOSS.DE,2026-09-25,,active
35431,Haidilao International Holding Ltd.,,6862.HK,2026-09-25,,active
89936,"Haier Smart Home Co., Ltd.",,6690.HK;600690.SS,2026-09-25,,active
74431,Halliburton Company,45012,HAL,2026-09-25,,active
60284,Hamburger Hafen und Logistik AG,,HHFA.DE,2026-09-27,,active
51194,Hana Financial Group Inc.,,086790.KS,2026-09-25,,active
46807,Hang Lung Properties Limited,,0101.HK,2026-09-25,,active
59900,"Hangzhou Hikvision Digital Technology Co., Ltd.",,002415.SZ,2026-09-25,,active
97032,"Hankyu Hanshin Holdings, Inc.",,9042.T,2026-09-25,,active
77576,Hannover Rück SE,,HNR1.DE,2026-09-25,,active
89959,"Hanwha Aerospace Co., Ltd.",,012450.KS,2026-09-27,,active
58870,"Hanwha Ocean Co., Ltd.",,042660.KS,2026-09-27,,active
34698,Hanwha Solutions Corporation,,009830.KS,2026-09-27,,active
21683,"Hasbro, Inc.",46080,HAS,2026-09-25,,active
99730,Heidelberg Materials AG,,HEI.DE,2026-09-25,,active
59934,Heidelberger Druckmaschinen Aktiengesellschaft,,HDD.DE,2026-09-27,,active
92481,Heineken N.V.,,HEIA.AS,2026-09-25,,active
74086,HelloFresh SE,,HFG.DE,2026-09-25,,active
92911,Henderson Land Development Company Limited,,0012.HK,2026-09-25,,active
98167,Hengan International Group Company Limited,,1044.HK,2026-09-25,,active
53540,Henkel AG & Co. KGaA,,HEN3.DE,2026-09-25,,active
96806,"Henry Schein, Inc.",1000228,HSIC,2026-09-25,,active
43791,Hensoldt AG,,HAG.DE,2026-09-27,,active
10867,Hermès International,,RMS.PA,2026-09-25,,active
16459,Hero MotoCorp Limited,,HEROMOTOCO.NS,2026-09-25,,active
14145,Hewlett Packard Enterprise Company,1645590,HPE,2026-09-25,,active
98054,Hexagon AB,,HEXA-B.ST,2026-09-25,,active
19494,Hilton Worldwide Holdings Inc.,1585689,HLT,2026-09-25,,active
77065,Hindalco Industries Limited,,HINDALCO.NS,2026-09-25,,active
80349,Hindustan Aeronautics Limited,,HAL.NS,2026-09-25,,active
61428,Hindustan Unilever Limited,,HINDUNILVR.NS,2026-09-25,,active
44883,"Hitachi, Ltd.",,6501.T,2026-09-25,,active
85212,Hochtief AG,,HOT.DE,2026-09-25,,active
84988,Holcim Ltd,,HOLN.SW,2026-09-25,,active
54448,Holmen AB,,HOLM-B.ST,2026-09-25,,active
58917,"Hon Hai Precision Industry Co., Ltd. (Foxconn)",,2317.TW,2026-09-25,,active
92723,"Honda Motor Co., Ltd.",,7267.T,2026-09-25,,active
99893,Honeywell International Inc.,773840,HON,2026-09-25,,active
76393,Hong Kong Exchanges and Clearing Limited,,0388.HK,2026-09-25,,active
40975,Hormel Foods Corporation,48465,HRL,2026-09-25,,active
21054,"Host Hotels & Resorts, Inc.",1070750,HST,2026-09-25,,active
29392,Howmet Aerospace Inc.,4281,HWM,2026-09-25,,active
13488,Hoya Corporation,,7741.T,2026-09-25,,active
17267,"Huatai Securities Co., Ltd.",,601688.SS,2026-09-25,,active
20348,Hubbell Incorporated,48898,HUBB,2026-09-25,,active
67980,Huhtamäki Oyj,,HUH1V.HE,2026-09-25,,active
45386,Humana Inc.,49071,HUM,2026-09-25,,active
67938,Huntington Bancshares Incorporated,49196,HBAN,2026-09-25,,active
96840,"Huntington Ingalls Industries, Inc.",1501585,HII,2026-09-25,,active
35812,Hydro One Limited,,H.TO,2026-09-25,,active
65264,Hypoport SE,,HYQ.DE,2026-09-25,,active
16753,"Hyundai Engineering & Construction Co., Ltd.",,000720.KS,2026-09-25,,active
77681,"Hyundai Glovis Co., Ltd.",,086280.KS,2026-09-25,,active
30064,"Hyundai Mobis Co., Ltd.",,012330.KS,2026-09-25,,active
41059,Hyundai Motor Company,,005380.KS,2026-09-25,,active
34995,Hyundai Steel Company,,004020.KS,2026-09-25,,active
60948,ICICI Bank Limited,,ICICIBANK.NS,2026-09-25,,active
98205,IDBI Bank Limited,,IDBI.NS,2026-09-25,,active
45281,IDEX Corporation,832101,IEX,2026-09-25,,active
18153,"IDEXX Laboratories, Inc.",874716,IDXX,2026-09-25,,active
94332,IHH Healthcare Berhad,,5225.KL,2026-09-25,,active
58976,IMCD N.V.,,IMCD.AS,2026-09-25,,active
60262,INDUS Holding AG,,INH.DE,2026-09-27,,active
35420,ING Groep N.V.,,INGA.AS,2026-09-25,,active
28892,IQVIA Holdings Inc.,1478242,IQV,2026-09-25,,active
16908,ISS A/S,,ISS.CO,2026-09-25,,active
44078,ITC Limited,,ITC.NS,2026-09-25,,active
50540,IVU Traffic Technologies AG,,IVU.DE,2026-09-25,,active
94012,Iberdrola S.A.,,IBE.MC,2026-09-25,,active
38969,Illinois Tool Works Inc.,49826,ITW,2026-09-25,,active
26912,"Illumina, Inc.",1110803,ILMN,2026-09-25,,active
59499,Imperial Oil Limited,,IMO.TO,2026-09-25,,active
14376,Incyte Corporation,879169,INCY,2026-09-25,,active
50349,Indian Oil Corporation Limited,,IOC.NS,2026-09-25,,active
90827,Indian Overseas Bank,,IOB.NS,2026-09-25,,active
42817,Indra Sistemas S.A.,,IDR.MC,2026-09-25,,active
54414,IndusInd Bank Limited,,INDUSINDBK.NS,2026-09-25,,active
95181,Industria de Diseño Textil S.A. (Inditex),,ITX.MC,2026-09-25,,active
26604,"Industrial Bank Co., Ltd.",,601166.SS,2026-09-25,,active
95324,Industrial Bank of Korea,,024110.KS,2026-09-25,,active
89331,Industrial and Commercial Bank of China Limited,,1398.HK;601398.SS,2026-09-25,,active
54479,Indutrade AB,,INDT.ST,2026-09-25,,active
40279,Infineon Technologies AG,,IFX.DE,2026-09-25,,active
15259,Infosys Limited,,INFY.NS,2026-09-25,,active
52320,Ingersoll Rand Inc.,1699150,IR,2026-09-25,,active
31806,"Inner Mongolia Yili Industrial Group Co., Ltd.",,600887.SS,2026-09-25,,active
22033,Innolux Corporation,,3481.TW,2026-09-25,,active
31830,"Inovance Technology Co., Ltd.",,300124.SZ,2026-09-25,,active
63446,Insurance Australia Group Limited,,IAG.AX,2026-09-25,,active
58904,"Intercontinental Exchange, Inc.",1571949,ICE,2026-09-25,,active
95223,International Business Machines Corporation,51143,IBM,2026-09-25,,active
52413,International Flavors & Fragrances Inc.,51253,IFF,2026-09-25,,active
97028,International Paper Company,51434,IP,2026-09-25,,active
14863,Interpump Group S.p.A.,,IP.MI,2026-09-27,,active
20040,Intesa Sanpaolo S.p.A.,,ISP.MI,2026-09-25,,active
60115,Intuit Inc.,896878,INTU,2026-09-25,,active
75336,"Intuitive Surgical, Inc.",1035267,ISRG,2026-09-25,,active
64207,Inventec Corporation,,2356.TW,2026-09-25,,active
68471,Invesco Ltd.,914208,IVZ,2026-09-25,,active
79429,Investor AB,,INVE-B.ST,2026-09-25,,active
14456,Invitation Homes Inc.,1687229,INVH,2026-09-25,,active
60910,Inwit S.p.A.,,INW.MI,2026-09-25,,active
56279,Iron Mountain Incorporated,1020569,IRM,2026-09-25,,active
59678,Italgas S.p.A.,,IG.MI,2026-09-27,,active
18171,Itaú Unibanco Holding S.A.,,ITUB4.SA,2026-09-25,,active
74390,Itaúsa S.A.,,ITSA4.SA,2026-09-25,,active
61310,Itochu Corporation,,8001.T,2026-09-25,,active
69424,"J.B. Hunt Transport Services, Inc.",728535,JBHT,2026-09-25,,active
62580,"JA Solar Technology Co., Ltd.",,002459.SZ,2026-09-27,,active
77413,JD Health International Inc.,,6618.HK,2026-09-25,,active
18669,"JD.com, Inc.",,9618.HK,2026-09-25,,active
81219,JPMorgan Chase & Co.,19617,JPM,2026-09-25,,active
58910,Jabil Inc.,898293,JBL,2026-09-25,,active
68986,"Jack Henry & Associates, Inc.",779152,JKHY,2026-09-25,,active
71890,Jacobs Solutions Inc.,52988,J,2026-09-25,,active
13445,"Japan Post Holdings Co., Ltd.",,6178.T,2026-09-25,,active
95168,Japan Tobacco Inc.,,2914.T,2026-09-25,,active
20555,Jardine Matheson Holdings Limited,,J36.SI,2026-09-25,,active
91208,"Jerónimo Martins, S.G.P.S., S.A.",,JMT.LS,2026-09-25,,active
98276,"Jiangsu Hengrui Pharmaceuticals Co., Ltd.",,600276.SS,2026-09-25,,active
99630,"Jiangsu Yanghe Brewery Joint-Stock Co., Ltd.",,002304.SZ,2026-09-25,,active
96340,Jio Financial Services Limited,,JIOFIN.NS,2026-09-25,,active
29596,Johnson & Johnson,200406,JNJ,2026-09-25,,active
52856,Johnson Controls International plc,833444,JCI,2026-09-25,,active
31670,Julius Bär Gruppe AG,,BAER.SW,2026-09-25,,active
71638,Jungheinrich AG,,JUN3.DE,2026-09-25,,active
37621,Jyske Bank A/S,,JYSK.CO,2026-09-25,,active
83435,K+S AG,,SDF.DE,2026-09-25,,active
37861,KB Financial Group Inc.,,105560.KS,2026-09-25,,active
70312,KBC Group NV,,KBC.BR,2026-09-25,,active
87276,KDDI Corporation,,9433.T,2026-09-25,,active
32074,"KGI Financial Holding Co., Ltd.",,2883.TW,2026-09-25,,active
33376,KKR & Co. Inc.,1404912,KKR,2026-09-25,,active
72241,KLA Corporation,319201,KLAC,2026-09-25,,active
81183,KT&G Corporation,,033780.KS,2026-09-25,,active
75759,KWS Saat SE & Co. KGaA,,KWS.DE,2026-09-25,,active
49220,Kakao Bank Corp.,,323410.KS,2026-09-25,,active
36591,Kakao Corp.,,035720.KS,2026-09-25,,active
21573,Kao Corporation,,4452.T,2026-09-25,,active
59640,"Kawasaki Kisen Kaisha, Ltd.",,9107.T,2026-09-25,,active
56464,Keio Corporation,,9008.T,2026-09-25,,active
61772,"Keisei Electric Railway Co., Ltd.",,9009.T,2026-09-25,,active
31267,Kemira Oyj,,KEMIRA.HE,2026-09-25,,active
37655,Kenvue Inc.,1944048,KVUE,2026-09-25,,active
91836,Keppel Ltd.,,BN4.SI,2026-09-25,,active
10477,Kering S.A.,,KER.PA,2026-09-25,,active
83488,Kesko Oyj,,KESKOB.HE,2026-09-25,,active
76309,Keurig Dr Pepper Inc.,1418135,KDP,2026-09-25,,active
65258,Keyence Corporation,,6861.T,2026-09-25,,active
92948,"Keysight Technologies, Inc.",1601046,KEYS,2026-09-25,,active
63632,Kia Corporation,,000270.KS,2026-09-25,,active
47711,Kimberly-Clark Corporation,55785,KMB,2026-09-25,,active
27833,Kimco Realty Corporation,879101,KIM,2026-09-25,,active
66074,"Kinder Morgan, Inc.",1506307,KMI,2026-09-25,,active
76529,"Kintetsu Group Holdings Co., Ltd.",,9041.T,2026-09-25,,active
50354,"Kirin Holdings Company, Limited",,2503.T,2026-09-25,,active
47415,Klépierre SA,,LI.PA,2026-09-27,,active
29743,Klöckner & Co SE,,KCO.DE,2026-09-25,,active
36535,Knorr-Bremse AG,,KBX.DE,2026-09-25,,active
70289,Koenig & Bauer AG,,SKB.DE,2026-09-27,,active
25017,Komatsu Ltd.,,6301.T,2026-09-25,,active
55822,Konami Group Corporation,,9766.T,2026-09-25,,active
27259,Kone Oyj,,KNEBV.HE,2026-09-25,,active
90518,Koninklijke Ahold Delhaize N.V.,,AD.AS,2026-09-25,,active
17375,Koninklijke KPN N.V.,,KPN.AS,2026-09-25,,active
48727,Koninklijke Philips N.V.,,PHIA.AS,2026-09-25,,active
88178,Korea Electric Power Corporation,,015760.KS,2026-09-25,,active
62558,"Korea Zinc Co., Ltd.",,010130.KS,2026-09-25,,active
92303,"Korean Air Lines Co., Ltd.",,003490.KS,2026-09-25,,active
32069,Kotak Mahindra Bank Limited,,KOTAKBANK.NS,2026-09-25,,active
52197,Krones AG,,KRN.DE,2026-09-25,,active
98207,Kubota Corporation,,6326.T,2026-09-25,,active
71214,"Kumho Petrochemical Co., Ltd.",,011780.KS,2026-09-25,,active
74048,"Kweichow Moutai Co., Ltd.",,600519.SS,2026-09-25,,active
10856,Kyocera Corporation,,6971.T,2026-09-25,,active
38847,L E Lundbergföretagen AB (publ),,LUND-B.ST,2026-09-27,,active
37500,"L3Harris Technologies, Inc.",202058,LHX,2026-09-25,,active
70905,LEG Immobilien SE,,LEG.DE,2026-09-25,,active
42512,"LG Chem, Ltd.",,051910.KS,2026-09-25,,active
44453,LG Corp.,,003550.KS,2026-09-25,,active
66260,"LG Display Co., Ltd.",,034220.KS,2026-09-25,,active
53339,"LG Energy Solution, Ltd.",,373220.KS,2026-09-25,,active
67473,LKQ Corporation,1065696,LKQ,2026-09-25,,active
34884,LOréal S.A.,,OR.PA,2026-09-25,,active
65121,LPI Capital Bhd,,8621.KL;5184.KL,2026-09-25,,active
66399,LVMH Moët Hennessy Louis Vuitton,,MC.PA,2026-09-25,,active
28173,Labcorp Holdings Inc.,920148,LH,2026-09-25,,active
12597,Lam Research Corporation,707549,LRCX,2026-09-25,,active
58763,"Largan Precision Co., Ltd.",,3008.TW,2026-09-25,,active
23482,Larsen & Toubro Limited,,LT.NS,2026-09-25,,active
56186,Lasertec Corporation,,6920.T,2026-09-25,,active
46176,Legrand S.A.,,LR.PA,2026-09-25,,active
30985,"Leidos Holdings, Inc.",1336920,LDOS,2026-09-25,,active
87546,Lennar Corporation,920760,LEN,2026-09-25,,active
61976,Lennox International Inc.,1069202,LII,2026-09-25,,active
61755,Lenovo Group Limited,,0992.HK,2026-09-25,,active
63596,Leonardo S.p.A.,,LDO.MI,2026-09-25,,active
69020,Li Auto Inc.,,2015.HK,2026-09-25,,active
32159,Li Ning Company Limited,,2331.HK,2026-09-25,,active
29924,Lifco AB,,LIFCO-B.ST,2026-09-25,,active
69809,Linde plc,1707925,LIN,2026-09-25,,active
59584,Link Real Estate Investment Trust,,0823.HK,2026-09-25,,active
25462,Lite-On Technology Corporation,,2301.TW,2026-09-25,,active
15439,Lloyds Banking Group plc,,LLOY.L,2026-09-25,,active
41511,Localiza Rent a Car S.A.,,RENT3.SA,2026-09-25,,active
45644,Lockheed Martin Corporation,936468,LMT,2026-09-25,,active
86531,Loews Corporation,60086,L,2026-09-25,,active
89219,Logista S.A.,,LOG.MC,2026-09-25,,active
11327,Logitech International S.A.,,LOGN.SW,2026-09-25,,active
37035,Longfor Group Holdings Limited,,0960.HK,2026-09-25,,active
31164,Lonza Group AG,,LONN.SW,2026-09-25,,active
97814,Lotte Chemical Corporation,,011170.KS,2026-09-25,,active
66439,Lotus Bakeries NV,,LOTB.BR,2026-09-25,,active
65217,"Lowe's Companies, Inc.",60667,LOW,2026-09-25,,active
14383,Lululemon Athletica Inc.,1397187,LULU,2026-09-25,,active
92567,Lupin Limited,,LUPIN.NS,2026-09-25,,active
61373,"Luxshare Precision Industry Co., Ltd.",,002475.SZ,2026-09-25,,active
51073,"Luzhou Laojiao Co., Ltd.",,000568.SZ,2026-09-25,,active
72570,M&T Bank Corporation,36270,MTB,2026-09-25,,active
56511,MGM Resorts International,789570,MGM,2026-09-25,,active
12635,MLP SE,,MLP.DE,2026-09-25,,active
59527,MPH Health Care AG,,93M1.DE,2026-09-27,,active
86279,"MS&AD Insurance Group Holdings, Inc.",,8725.T,2026-09-25,,active
59810,MTR Corporation Limited,,0066.HK,2026-09-25,,active
59119,MTU Aero Engines AG,,MTX.DE,2026-09-25,,active
44570,Macquarie Group Limited,,MQG.AX,2026-09-25,,active
16365,Mahindra & Mahindra Limited,,M&M.NS,2026-09-25,,active
49394,Malayan Banking Berhad (Maybank),,1155.KL,2026-09-25,,active
56497,"Mango Excellent Media Co., Ltd.",,300413.SZ,2026-09-25,,active
13054,Manulife Financial Corporation,,MFC.TO,2026-09-25,,active
37565,Mapfre S.A.,,MAP.MC,2026-09-25,,active
70610,Marathon Petroleum Corporation,1510295,MPC,2026-09-25,,active
96534,Marico Limited,,MARICO.NS,2026-09-25,,active
19020,MarketAxess Holdings Inc.,1278021,MKTX,2026-09-25,,active
77358,"Marriott International, Inc.",1048286,MAR,2026-09-25,,active
44474,"Martin Marietta Materials, Inc.",916076,MLM,2026-09-25,,active
45804,Maruti Suzuki India Limited,,MARUTI.NS,2026-09-25,,active
35116,Mastercard Incorporated,1141391,MA,2026-09-25,,active
26741,Mazda Motor Corporation,,7261.T,2026-09-25,,active
46769,"McCormick & Company, Incorporated",63754,MKC,2026-09-25,,active
90025,McDonald's Corporation,63908,MCD,2026-09-25,,active
88409,McKesson Corporation,927653,MCK,2026-09-25,,active
54380,MediaTek Inc.,,2454.TW,2026-09-25,,active
45949,Mediobanca Banca di Credito Finanziario S.p.A.,,MB.MI,2026-09-25,,active
87450,Medtronic plc,1613103,MDT,2026-09-25,,active
63142,"Mega Financial Holding Co., Ltd.",,2886.TW,2026-09-25,,active
96027,Meituan,,3690.HK,2026-09-25,,active
49340,Melexis NV,,MELE.BR,2026-09-25,,active
30810,Mensch und Maschine Software SE,,MUM.DE,2026-09-27,,active
83599,Mercedes-Benz Group AG,,MBG.DE,2026-09-25,,active
77670,"Merck & Co., Inc.",310158,MRK,2026-09-25,,active
95500,Merck KGaA,,MRK.DE,2026-09-25,,active
80785,Merlin Properties SOCIMI S.A.,,MRL.MC,2026-09-25,,active
85819,"MetLife, Inc.",1099219,MET,2026-09-25,,active
40180,"Meta Platforms, Inc.",1326801,META,2026-09-25,,active
11682,Metallurgical Corporation of China Ltd.,,601618.SS,2026-09-25,,active
90802,Metso Oyj,,METSO.HE,2026-09-25,,active
14340,Metsä Board Oyj,,METSB.HE,2026-09-25,,active
51917,Mettler-Toledo International Inc.,1037646,MTD,2026-09-25,,active
24647,Microchip Technology Incorporated,827054,MCHP,2026-09-25,,active
94625,"Micron Technology, Inc.",723125,MU,2026-09-25,,active
22277,Microsoft Corporation,789019,MSFT,2026-09-25,,active
30229,"Midea Group Co., Ltd.",,000333.SZ,2026-09-25,,active
47696,Mitsubishi Chemical Group Corporation,,4188.T,2026-09-25,,active
85444,Mitsubishi Corporation,,8058.T,2026-09-25,,active
52433,Mitsubishi Electric Corporation,,6503.T,2026-09-25,,active
37310,"Mitsubishi Estate Company, Limited",,8802.T,2026-09-25,,active
83507,Mitsubishi HC Capital Inc.,,8593.T,2026-09-25,,active
66722,"Mitsubishi Heavy Industries, Ltd.",,7011.T,2026-09-25,,active
95782,"Mitsubishi UFJ Financial Group, Inc.",,8306.T,2026-09-25,,active
98813,"Mitsui & Co., Ltd.",,8031.T,2026-09-25,,active
59344,"Mitsui Fudosan Co., Ltd.",,8801.T,2026-09-25,,active
61712,"Mitsui O.S.K. Lines, Ltd.",,9104.T,2026-09-25,,active
81165,"Mizuho Financial Group, Inc.",,8411.T,2026-09-25,,active
50863,"Moderna, Inc.",1682852,MRNA,2026-09-25,,active
42091,"Mohawk Industries, Inc.",851968,MHK,2026-09-25,,active
44631,Molson Coors Beverage Company,24545,TAP,2026-09-25,,active
51640,Moncler S.p.A.,,MONC.MI,2026-09-25,,active
60144,"Mondelez International, Inc.",1103982,MDLZ,2026-09-25,,active
13620,"Monolithic Power Systems, Inc.",1280452,MPWR,2026-09-25,,active
69753,Monster Beverage Corporation,865752,MNST,2026-09-25,,active
51578,Moody's Corporation,1059556,MCO,2026-09-25,,active
60207,Morgan Stanley,895421,MS,2026-09-25,,active
81097,"Motorola Solutions, Inc.",68505,MSI,2026-09-25,,active
49533,"Murata Manufacturing Co., Ltd.",,6981.T,2026-09-25,,active
20218,Mutares SE & Co. KGaA,,MUX.DE,2026-09-27,,active
95629,Muthoot Finance Limited,,MUTHOOTFIN.NS,2026-09-25,,active
90036,"Muyuan Foods Co., Ltd.",,002714.SZ,2026-09-25,,active
82036,Münchener Rückversicherungs-Gesellschaft AG,,MUV2.DE,2026-09-25,,active
99034,"NARI Technology Co., Ltd.",,600406.SS,2026-09-25,,active
13100,NAVER Corporation,,035420.KS,2026-09-25,,active
83974,NC Corporation,,036570.KS,2026-09-25,,active
18496,NIBE Industrier AB,,NIBE-B.ST,2026-09-25,,active
94924,"NIKE, Inc.",320187,NKE,2026-09-25,,active
34120,NKT A/S,,NKT.CO,2026-09-25,,active
80022,NN Group N.V.,,NN.AS,2026-09-25,,active
45707,"NRG Energy, Inc.",1013871,NRG,2026-09-25,,active
63353,NTPC Limited,,NTPC.NS,2026-09-25,,active
25778,"NTT, Inc.",,9432.T,2026-09-25,,active
90087,NVIDIA Corporation,1045810,NVDA,2026-09-25,,active
55990,"NVR, Inc.",906163,NVR,2026-09-25,,active
22567,NXP Semiconductors N.V.,1413447,NXPI,2026-09-25,,active
23348,Nan Ya Plastics Corporation,,1303.TW,2026-09-25,,active
21313,Nanya Technology Corporation,,2408.TW,2026-09-25,,active
60200,"Nasdaq, Inc.",1120193,NDAQ,2026-09-25,,active
13676,National Australia Bank Limited,,NAB.AX,2026-09-25,,active
74634,National Grid plc,,NG.L,2026-09-25,,active
76236,Naturgy Energy Group S.A.,,NTGY.MC,2026-09-25,,active
52723,Nemetschek SE,,NEM.DE,2026-09-25,,active
89949,Neste Oyj,,NESTE.HE,2026-09-25,,active
63938,Nestle (Malaysia) Berhad,,4707.KL,2026-09-25,,active
29007,Nestle India Limited,,NESTLEIND.NS,2026-09-25,,active
65195,Nestlé S.A.,,NESN.SW,2026-09-25,,active
65164,"NetApp, Inc.",1002047,NTAP,2026-09-25,,active
11694,"NetEase, Inc.",,9999.HK,2026-09-25,,active
23766,"Netflix, Inc.",1065280,NFLX,2026-09-25,,active
46269,Netmarble Corporation,,251270.KS,2026-09-25,,active
84089,New China Life Insurance Company Ltd.,,601336.SS,2026-09-25,,active
64924,New World Development Company Limited,,0017.HK,2026-09-25,,active
97928,Newell Brands Inc.,814453,NWL,2026-09-25,,active
22883,Newmont Corporation,1164727,NEM,2026-09-25,,active
55568,News Corporation,1564708,NWSA;NWS,2026-09-25,,active
46543,Nexans S.A.,,NEX.PA,2026-09-27,,active
94431,Nexi S.p.A.,,NEXI.MI,2026-09-25,,active
74333,"Nintendo Co., Ltd.",,7974.T,2026-09-25,,active
55275,Nippon Steel Corporation,,5401.T,2026-09-25,,active
15161,Nippon Yusen Kabushiki Kaisha,,9101.T,2026-09-25,,active
10194,"Nissan Motor Co., Ltd.",,7201.T,2026-09-25,,active
48269,"Nitori Holdings Co., Ltd.",,9843.T,2026-09-25,,active
50152,Nokia Oyj,,NOKIA.HE,2026-09-25,,active
88831,"Nomura Holdings, Inc.",,8604.T,2026-09-25,,active
86705,"Nongfu Spring Co., Ltd.",,9633.HK,2026-09-25,,active
86276,Nordea Bank Abp,,NDA-SE.ST;NDA-FI.HE,2026-09-25,,active
21776,Nordex SE,,NDX1.DE,2026-09-25,,active
76494,Norfolk Southern Corporation,702165,NSC,2026-09-25,,active
16237,Northern Trust Corporation,73124,NTRS,2026-09-25,,active
36303,Northrop Grumman Corporation,1133421,NOC,2026-09-25,,active
46739,Novartis AG,,NOVN.SW,2026-09-25,,active
82233,Novo Nordisk A/S,,NOVO-B.CO,2026-09-25,,active
50920,Novogenia AG,,7V0.DE,2026-09-27,,active
85817,Novozymes A/S,,NSIS-B.CO,2026-09-27,,active
17411,Nucor Corporation,73309,NUE,2026-09-25,,active
98472,Nynomic AG,,M7U.DE,2026-09-27,,active
98034,"O'Reilly Automotive, Inc.",898173,ORLY,2026-09-25,,active
69724,OCI N.V.,,OCI.AS,2026-09-25,,active
22545,OHB SE,,OHB.DE,2026-09-25,,active
92691,OMV AG,,OMV.VI,2026-09-25,,active
91637,ON Semiconductor Corporation,1097864,ON,2026-09-25,,active
44307,"ONEOK, Inc.",1039684,OKE,2026-09-25,,active
70148,Occidental Petroleum Corporation,797468,OXY,2026-09-25,,active
11016,"Odakyu Electric Railway Co., Ltd.",,9007.T,2026-09-25,,active
68085,Oil and Natural Gas Corporation Limited,,ONGC.NS,2026-09-25,,active
11429,"Old Dominion Freight Line, Inc.",878927,ODFL,2026-09-25,,active
29184,Olympus Corporation,,7733.T,2026-09-25,,active
99503,Omnicom Group Inc.,29989,OMC,2026-09-25,,active
29918,Omron Corporation,,6645.T,2026-09-25,,active
55620,"Ono Pharmaceutical Co., Ltd.",,4528.T,2026-09-25,,active
60259,"Ootsuka Holdings Co., Ltd.",,4578.T,2026-09-25,,active
76286,Oracle Corporation,1341439,ORCL,2026-09-25,,active
35975,Orange S.A.,,ORA.PA,2026-09-25,,active
46148,"Orbia Advance Corporation, S.A.B. de C.V.",,ORBIA.MX,2026-09-25,,active
48433,"Oriental Land Co., Ltd.",,4661.T,2026-09-25,,active
73384,Orion Oyj,,ORNBV.HE,2026-09-25,,active
94954,Orix Corporation,,8591.T,2026-09-25,,active
42461,"Osaka Gas Co., Ltd.",,9532.T,2026-09-25,,active
94283,Oversea-Chinese Banking Corporation Limited,,O39.SI,2026-09-25,,active
20712,PACCAR Inc.,75362,PCAR,2026-09-25,,active
30070,"PENN Entertainment, Inc.",921738,PENN,2026-09-25,,active
39900,PNE AG,,PNE3.DE,2026-09-25,,active
37564,POSCO Holdings Inc.,,005490.KS,2026-09-25,,active
72162,"PPG Industries, Inc.",79879,PPG,2026-09-25,,active
14978,PT Astra International Tbk,,ASII.JK,2026-09-25,,active
64220,PT Bank Central Asia Tbk,,BBCA.JK,2026-09-25,,active
50160,PT Bank Mandiri (Persero) Tbk,,BMRI.JK,2026-09-25,,active
37958,PT Bank Negara Indonesia (Persero) Tbk,,BBNI.JK,2026-09-25,,active
63820,PT Bank Rakyat Indonesia (Persero) Tbk,,BBRI.JK,2026-09-25,,active
97599,PT Bayan Resources Tbk,,BYAN.JK,2026-09-25,,active
27311,PT GoTo Gojek Tokopedia Tbk,,GOTO.JK,2026-09-25,,active
42638,PT Sumber Alfaria Trijaya Tbk,,AMRT.JK,2026-09-25,,active
44137,PT Telkom Indonesia (Persero) Tbk,,TLKM.JK,2026-09-25,,active
22534,PT Unilever Indonesia Tbk,,UNVR.JK,2026-09-25,,active
61063,PTC Inc.,857005,PTC,2026-09-25,,active
99656,PTT Exploration and Production Public Company Limited,,PTTEP.BK,2026-09-25,,active
15066,PTT Public Company Limited,,PTT.BK,2026-09-25,,active
43635,PUMA SE,,PUM.DE,2026-09-25,,active
35407,Palantir Technologies Inc.,1321655,PLTR,2026-09-25,,active
78533,"Palo Alto Networks, Inc.",1327567,PANW,2026-09-25,,active
92564,Panasonic Holdings Corporation,,6752.T,2026-09-25,,active
37615,Pandora A/S,,PNDORA.CO,2026-09-25,,active
90045,Parker-Hannifin Corporation,76334,PH,2026-09-25,,active
37054,"Paychex, Inc.",723531,PAYX,2026-09-25,,active
57463,"Paycom Software, Inc.",1590955,PAYC,2026-09-25,,active
84634,Paylocity Holding Corporation,1591698,PCTY,2026-09-25,,active
59498,Pentair plc,77360,PNR,2026-09-25,,active
48890,"PepsiCo, Inc.",77476,PEP,2026-09-25,,active
15159,Pernod Ricard S.A.,,RI.PA,2026-09-25,,active
59372,PetroChina Company Limited,,0857.HK;601857.SS,2026-09-25,,active
30372,Petronas Chemicals Group Berhad,,5183.KL,2026-09-25,,active
28796,Petróleo Brasileiro S.A. - Petrobras,,PETR4.SA,2026-09-25,,active
44172,Pfeiffer Vacuum Technology AG,,PFV.DE,2026-09-25,,active
19291,Pfizer Inc.,78003,PFE,2026-09-25,,active
62269,Philip Morris International Inc.,1413329,PM,2026-09-25,,active
65754,Pidilite Industries Limited,,PIDILITIND.NS,2026-09-25,,active
60635,"Ping An Bank Co., Ltd.",,000001.SZ,2026-09-25,,active
39905,"Ping An Insurance (Group) Company of China, Ltd.",,2318.HK;601318.SS,2026-09-25,,active
34536,Pinnacle West Capital Corporation,764622,PNW,2026-09-25,,active
66143,Pirelli & C. S.p.A.,,PIRC.MI,2026-09-25,,active
68643,Polski Koncern Naftowy ORLEN S.A.,,PKN.WA,2026-09-25,,active
28011,"Poly Developments and Holdings Group Co., Ltd.",,600048.SS,2026-09-25,,active
14400,Pool Corporation,945841,POOL,2026-09-25,,active
79611,"Posco Future M Co., Ltd.",,003670.KS,2026-09-27,,active
65641,Posco International Corporation,,047050.KS,2026-09-27,,active
89347,"Postal Savings Bank of China Co., Ltd.",,1658.HK;601658.SS,2026-09-25,,active
49147,Poste Italiane S.p.A.,,PST.MI,2026-09-25,,active
29453,Pou Chen Corporation,,9904.TW,2026-09-25,,active
69639,Power Assets Holdings Limited,,0006.HK,2026-09-25,,active
79420,Power Corporation of Canada,,POW.TO,2026-09-25,,active
92204,Power Finance Corporation Limited,,PFC.NS,2026-09-25,,active
45599,Power Grid Corporation of India Limited,,POWERGRID.NS,2026-09-25,,active
80523,Powszechna Kasa Oszczędności Bank Polski S.A.,,PKO.WA,2026-09-25,,active
30662,Powszechny Zakład Ubezpieczeń S.A.,,PZU.WA,2026-09-25,,active
33113,President Chain Store Corporation,,2912.TW,2026-09-25,,active
71937,"Principal Financial Group, Inc.",1126328,PFG,2026-09-25,,active
73147,Prosus N.V.,,PRX.AS,2026-09-25,,active
53941,Proximus NV,,PROX.BR,2026-09-25,,active
56881,"Prudential Financial, Inc.",1137774,PRU,2026-09-25,,active
17574,Prudential plc,,PRU.L,2026-09-25,,active
78604,Prysmian S.p.A.,,PRY.MI,2026-09-25,,active
21159,Public Bank Berhad,,1295.KL,2026-09-25,,active
98374,Public Service Enterprise Group Incorporated,788784,PEG,2026-09-25,,active
82103,Public Storage,1393311,PSA,2026-09-25,,active
96675,Publicis Groupe S.A.,,PUB.PA,2026-09-25,,active
76376,Punjab National Bank,,PNB.NS,2026-09-25,,active
46323,QUALCOMM Incorporated,804328,QCOM,2026-09-25,,active
15910,Qantas Airways Limited,,QAN.AX,2026-09-25,,active
30244,Qiagen N.V.,,QIA.DE,2026-09-25,,active
54506,"Qinghai Salt Lake Industry Co., Ltd.",,000792.SZ,2026-09-25,,active
91402,"Qorvo, Inc.",1604778,QRVO,2026-09-25,,active
92510,Qt Group Oyj,,QTCOM.HE,2026-09-25,,active
25600,Quanta Computer Inc.,,2382.TW,2026-09-25,,active
89402,"Quanta Services, Inc.",1050915,PWR,2026-09-25,,active
10524,Quest Diagnostics Incorporated,1022079,DGX,2026-09-25,,active
98524,REC Limited,,RECLTD.NS,2026-09-25,,active
77906,RELX plc,,REL.L,2026-09-25,,active
18634,RHB Bank Berhad,,1066.KL,2026-09-25,,active
49968,ROCKWOOL A/S,,ROCK-B.CO,2026-09-25,,active
68091,RWE AG,,RWE.DE,2026-09-25,,active
48389,Raiffeisen Bank International AG,,RBI.VI,2026-09-25,,active
98355,Ralph Lauren Corporation,1037038,RL,2026-09-25,,active
94201,Randstad N.V.,,RAND.AS,2026-09-25,,active
81050,Rational AG,,RAA.DE,2026-09-25,,active
76343,Realtek Semiconductor Corp.,,2379.TW,2026-09-25,,active
89009,Realty Income Corporation,726728,O,2026-09-25,,active
81805,Recordati S.p.A.,,REC.MI,2026-09-25,,active
77743,"Recruit Holdings Co., Ltd.",,6098.T,2026-09-25,,active
37013,Redeia Corporación S.A.,,RED.MC,2026-09-25,,active
75339,"Regeneron Pharmaceuticals, Inc.",872589,REGN,2026-09-25,,active
95342,Regions Financial Corporation,1281761,RF,2026-09-25,,active
46318,Reliance Industries Limited,,RELIANCE.NS,2026-09-25,,active
71021,Relx PLC,,REN.AS,2026-09-25,,active
76567,Renault S.A.,,RNO.PA,2026-09-25,,active
97967,Renesas Electronics Corporation,,6723.T,2026-09-25,,active
72061,Repsol S.A.,,REP.MC,2026-09-25,,active
58834,ResMed Inc.,943819,RMD,2026-09-25,,active
47982,"Resona Holdings, Inc.",,8308.T,2026-09-25,,active
12709,Rheinmetall AG,,RHM.DE,2026-09-25,,active
84382,"RingCentral, Inc.",1384905,RNG,2026-09-25,,active
83607,Rio Tinto Limited,,RIO.AX,2026-09-25,,active
66646,Rio Tinto plc,,RIO.L,2026-09-25,,active
88871,Robert Half Inc.,315213,RHI,2026-09-25,,active
53240,"Rockwell Automation, Inc.",1024478,ROK,2026-09-25,,active
57481,Rogers Communications Inc.,,RCI-B.TO,2026-09-25,,active
45264,"Ross Stores, Inc.",745732,ROST,2026-09-25,,active
18549,Royal Bank of Canada,,RY.TO,2026-09-25,,active
81075,Royal Unibrew A/S,,RBREW.CO,2026-09-25,,active
43252,Rémy Cointreau S.A.,,RCO.PA,2026-09-25,,active
91826,S&P Global Inc.,64040,SPGI,2026-09-25,,active
79884,S-Oil Corporation,,010950.KS,2026-09-25,,active
54803,"S.F. Holding Co., Ltd.",,002352.SZ,2026-09-25,,active
80883,SAIC Motor Corporation Limited,,600104.SS,2026-09-25,,active
34941,SAP SE,,SAP.DE,2026-09-25,,active
77933,SBA Communications Corporation,1034054,SBAC,2026-09-25,,active
28451,SBI Life Insurance Company Limited,,SBILIFE.NS,2026-09-25,,active
53938,SBM Offshore N.V.,,SBMO.AS,2026-09-25,,active
73351,SCB X Public Company Limited,,SCB.BK,2026-09-25,,active
10876,SCHOTT Pharma AG & Co. KGaA,,1SXP.DE,2026-09-27,,active
79996,SCOR SE,,SCR.PA,2026-09-25,,active
52064,SCP Standard Capital Partners AG,,CAP.DE,2026-09-27,,active
91238,SFC Energy AG,,F3C.DE,2026-09-27,,active
73591,SGL Carbon SE,,SGL.DE,2026-09-25,,active
17858,SGS S.A.,,SGSN.SW,2026-09-25,,active
83402,"SK Bioscience Co., Ltd.",,302440.KS,2026-09-25,,active
93039,SK Hynix Inc.,,000660.KS,2026-09-25,,active
28389,SK Inc.,,034730.KS,2026-09-25,,active
90924,"SK Innovation Co., Ltd.",,096770.KS,2026-09-25,,active
42971,"SK Telecom Co., Ltd.",,017670.KS,2026-09-25,,active
20117,SKF AB,,SKF-B.ST,2026-09-25,,active
21916,SLB (Schlumberger),87347,SLB,2026-09-25,,active
47037,SMC Corporation,,6273.T,2026-09-25,,active
78460,SNP Schneider-Neureither & Partner SE,,SHF.DE,2026-09-27,,active
76065,SRF Limited,,SRF.NS,2026-09-25,,active
20637,"SS&C Technologies Holdings, Inc.",1402436,SSNC,2026-09-25,,active
37447,SSAB AB,,SSAB-A.ST,2026-09-25,,active
24710,SUSS MicroTec SE,,SMHN.DE,2026-09-27,,active
39012,SYZYGY AG,,SYZ.DE,2026-09-25,,active
50000,Saab AB,,SAAB-B.ST,2026-09-25,,active
58177,Sacyr S.A.,,SCYR.MC,2026-09-25,,active
84693,Safran S.A.,,SAF.PA,2026-09-25,,active
75727,Sagax AB,,SAGA-B.ST,2026-09-25,,active
60785,Saipem S.p.A.,,SPM.MI,2026-09-25,,active
80075,"Salesforce, Inc.",1108524,CRM,2026-09-25,,active
93084,Sampo Oyj,,SAMPO.HE,2026-09-25,,active
77658,"Samsung Biologics Co., Ltd.",,207940.KS,2026-09-25,,active
22586,Samsung C&T Corporation,,028260.KS,2026-09-25,,active
39535,"Samsung Electro-Mechanics Co., Ltd.",,009150.KS,2026-09-25,,active
40039,"Samsung Electronics Co., Ltd.",,005930.KS,2026-09-25,,active
76212,"Samsung Fire & Marine Insurance Co., Ltd.",,000810.KS,2026-09-25,,active
62421,"Samsung Heavy Industries Co., Ltd.",,010140.KS,2026-09-25,,active
42928,"Samsung Life Insurance Co., Ltd.",,032830.KS,2026-09-25,,active
48955,"Samsung SDI Co., Ltd.",,006400.KS,2026-09-25,,active
36529,"Samsung SDS Co., Ltd.",,018260.KS,2026-09-25,,active
73404,Sands China Ltd.,,1928.HK,2026-09-25,,active
65873,Sandvik AB,,SAND.ST,2026-09-25,,active
95454,Sanofi,,SAN.PA,2026-09-25,,active
59050,Sartorius AG,,SRT3.DE,2026-09-25,,active
40907,Schneider Electric SE,,SU.PA,2026-09-25,,active
24376,Scout24 SE,,G24.DE,2026-09-27,,active
26218,Seagate Technology Holdings plc,1137789,STX,2026-09-25,,active
41487,Seb S.A.,,SK.PA,2026-09-25,,active
46140,"Secom Co., Ltd.",,9735.T,2026-09-25,,active
60513,"Sekisui House, Ltd.",,1928.T,2026-09-25,,active
22587,Sempra,1032208,SRE,2026-09-25,,active
38545,"ServiceNow, Inc.",1373715,NOW,2026-09-25,,active
37570,"Seven & i Holdings Co., Ltd.",,3382.T,2026-09-25,,active
80236,"Seven Bank, Ltd.",,8410.T,2026-09-25,,active
85778,"Shanghai Commercial & Savings Bank, Ltd.",,5876.TW,2026-09-25,,active
10268,"Shanghai Pudong Development Bank Co., Ltd.",,600000.SS,2026-09-25,,active
16674,"Shanxi Xinghuacun Fen Wine Factory Co., Ltd.",,600809.SS,2026-09-25,,active
59382,Shell plc,,SHEL.L,2026-09-25,,active
88625,"Shenzhen Mindray Bio-Medical Electronics Co., Ltd.",,300760.SZ,2026-09-25,,active
98226,Shenzhou International Group Holdings Limited,,2313.HK,2026-09-25,,active
77958,Shimano Inc.,,7309.T,2026-09-25,,active
55636,"Shin-Etsu Chemical Co., Ltd.",,4063.T,2026-09-25,,active
68660,"Shinhan Financial Group Co., Ltd.",,055550.KS,2026-09-25,,active
34986,"Shiseido Company, Limited",,4911.T,2026-09-25,,active
25004,Shopify Inc.,,SHOP.TO,2026-09-25,,active
89726,Shree Cement Limited,,SHREECEM.NS,2026-09-25,,active
15210,Siemens AG,,SIE.DE,2026-09-25,,active
65329,Siemens Energy AG,,ENR.DE,2026-09-25,,active
45518,Siemens Healthineers AG,,SHL.DE,2026-09-25,,active
52562,Siemens Limited,,SIEMENS.NS,2026-09-25,,active
33926,Signify N.V.,,LIGHT.AS,2026-09-25,,active
82372,Sika AG,,SIKA.SW,2026-09-25,,active
16175,Siltronic AG,,WAF.DE,2026-09-25,,active
93068,"Simon Property Group, Inc.",1063761,SPG,2026-09-25,,active
43454,Singapore Telecommunications Limited (Singtel),,Z74.SI,2026-09-25,,active
82652,Singulus Technologies AG,,SNG.DE,2026-09-27,,active
13055,Sino Biopharmaceutical Limited,,1177.HK,2026-09-25,,active
54066,Sino Land Company Limited,,0083.HK,2026-09-25,,active
67984,"Sinopac Financial Holdings Co., Ltd.",,2890.TW,2026-09-25,,active
65331,Skandinaviska Enskilda Banken AB,,SEB-A.ST,2026-09-25,,active
82334,Skanska AB,,SKA-B.ST,2026-09-25,,active
37459,"Skyworks Solutions, Inc.",4127,SWKS,2026-09-25,,active
81972,Snam S.p.A.,,SRG.MI,2026-09-25,,active
79883,Snap-on Incorporated,91440,SNA,2026-09-25,,active
91491,Snowflake Inc.,1640147,SNOW,2026-09-25,,active
59875,"SoFi Technologies, Inc.",1818874,SOFI,2026-09-25,,active
24671,Société Générale S.A.,,GLE.PA,2026-09-25,,active
26789,Sodexo S.A.,,SW.PA,2026-09-27,,active
30763,Sofina SA,,SOF.BR,2026-09-25,,active
57054,SoftBank Corp.,,9434.T,2026-09-25,,active
78188,SoftBank Group Corp.,,9984.T,2026-09-25,,active
62869,Soitec S.A.,,SOI.PA,2026-09-25,,active
73398,Solaria Energía y Medio Ambiente S.A.,,SLR.MC,2026-09-25,,active
32881,Solvay SA,,SOLB.BR;SOLV.BR,2026-09-25,,active
24871,Solventum Corporation,1964738,SOLV,2026-09-25,,active
97922,"Sompo Holdings, Inc.",,8630.T,2026-09-25,,active
89734,Sonova Holding AG,,SOON.SW,2026-09-25,,active
16573,Sony Group Corporation,,6758.T,2026-09-25,,active
71272,Southwest Airlines Co.,92380,LUV,2026-09-25,,active
89277,"Stanley Black & Decker, Inc.",93556,SWK,2026-09-25,,active
58387,Starbucks Corporation,829224,SBUX,2026-09-25,,active
63038,State Bank of India,,SBIN.NS,2026-09-25,,active
48336,State Street Corporation,93751,STT,2026-09-25,,active
57130,Stellantis N.V.,,STLAM.MI,2026-09-25,,active
21285,Steyr Motors AG,,4X0.DE,2026-09-27,,active
56355,Sto SE & Co. KGaA,,STO3.DE,2026-09-27,,active
26099,Stora Enso Oyj,,STEAV.HE,2026-09-25,,active
38742,Stryker Corporation,310764,SYK,2026-09-25,,active
59322,Ströer SE & Co. KGaA,,SAX.DE,2026-09-27,,active
51893,Subaru Corporation,,7270.T,2026-09-25,,active
78006,Sumitomo Corporation,,8053.T,2026-09-25,,active
57055,"Sumitomo Metal Mining Co., Ltd.",,5713.T,2026-09-25,,active
32751,"Sumitomo Miitsui Trust Holdings, Inc.",,8309.T,2026-09-25,,active
79800,"Sumitomo Mitsui Financial Group, Inc.",,8316.T,2026-09-25,,active
65997,"Sumitomo Realty & Development Co., Ltd.",,8830.T,2026-09-25,,active
58429,Sun Hung Kai Properties Limited,,0016.HK,2026-09-25,,active
97099,Sun Life Financial Inc.,,SLF.TO,2026-09-25,,active
43604,Sun Pharmaceutical Industries Limited,,SUNPHARMA.NS,2026-09-25,,active
57209,Suncor Energy Inc.,,SU.TO,2026-09-25,,active
37275,Suncorp Group Limited,,SUN.AX,2026-09-25,,active
69415,"Sungrow Power Supply Co., Ltd.",,300274.SZ,2026-09-25,,active
86764,Sunny Optical Technology (Group) Company Limited,,2382.HK,2026-09-25,,active
66320,"Super Micro Computer, Inc.",1375365,SMCI,2026-09-25,,active
45162,Suzuki Motor Corporation,,7269.T,2026-09-25,,active
45415,Svenska Cellulosa AB SCA,,SCA-B.ST,2026-09-25,,active
63077,Svenska Handelsbanken AB,,SHB-A.ST,2026-09-25,,active
22843,Swedbank AB,,SWED-A.ST,2026-09-25,,active
85293,Swisscom AG,,SCMN.SW,2026-09-25,,active
85609,Syensqo SA,,SYENS.BR,2026-09-25,,active
51544,Symrise AG,,SY1.DE,2026-09-25,,active
83248,Synchrony Financial,1601712,SYF,2026-09-25,,active
36060,"Synopsys, Inc.",883241,SNPS,2026-09-25,,active
28833,Sysco Corporation,96021,SYY,2026-09-25,,active
15218,Südzucker AG,,SZU.DE,2026-09-27,,active
91089,"T&D Holdings, Inc.",,8795.T,2026-09-25,,active
40194,"T-Mobile US, Inc.",1283699,TMUS,2026-09-25,,active
86479,"T. Rowe Price Group, Inc.",1113169,TROW,2026-09-25,,active
82083,TAKKT AG,,TTK.DE,2026-09-27,,active
60079,TC Energy Corporation,,TRP.TO,2026-09-25,,active
50653,"TCC Group Holdings Co., Ltd.",,1101.TW,2026-09-25,,active
28434,TDK Corporation,,6762.T,2026-09-25,,active
87165,TE Connectivity Ltd.,1385157,TEL,2026-09-25,,active
26037,"TS Financial Holding Co., Ltd.",,2887.TW,2026-09-25,,active
16138,TUI AG,,TUI1.DE,2026-09-25,,active
66221,Taiwan Business Bank,,2834.TW,2026-09-25,,active
54685,"Taiwan Cooperative Financial Holding Co., Ltd.",,5880.TW,2026-09-25,,active
75943,"Taiwan Mobile Co., Ltd.",,3045.TW,2026-09-25,,active
83970,Taiwan Semiconductor Manufacturing Company Limited (TSMC),,2330.TW,2026-09-25,,active
50419,Takeda Pharmaceutical Company Limited,,4502.T,2026-09-25,,active
75622,"Takihyo Co., Ltd.",,9982.T,2026-09-25,,active
39682,Talanx AG,,TLX.DE,2026-09-25,,active
45819,"Tapestry, Inc.",1116132,TPR,2026-09-25,,active
43852,Target Corporation,27419,TGT,2026-09-25,,active
43104,Tata Consultancy Services Limited,,TCS.NS,2026-09-25,,active
66768,Tata Consumer Products Limited,,TATACONSUM.NS,2026-09-25,,active
80844,Tata Steel Limited,,TATASTEEL.NS,2026-09-25,,active
77852,TeamViewer SE,,TMV.DE,2026-09-27,,active
59903,Tech Mahindra Limited,,TECHM.NS,2026-09-25,,active
52582,Techtronic Industries Company Limited,,0669.HK,2026-09-25,,active
85436,Tele2 AB,,TEL2-B.ST,2026-09-25,,active
88151,Telecom Italia S.p.A.,,TIT.MI,2026-09-25,,active
78639,Teleflex Incorporated,96943,TFX,2026-09-25,,active
96118,Telefonaktiebolaget LM Ericsson,,ERIC-B.ST,2026-09-25,,active
40078,Telefónica S.A.,,TEF.MC,2026-09-25,,active
26501,Teleperformance SE,,TEP.PA,2026-09-25,,active
99187,Telia Company AB,,TELIA.ST,2026-09-25,,active
56472,Telstra Group Limited,,TLS.AX,2026-09-25,,active
99640,"Tenable Holdings, Inc.",1660280,TENB,2026-09-25,,active
39571,Tenaris S.A.,,TEN.MI,2026-09-25,,active
90317,Tencent Holdings Limited,,0700.HK,2026-09-25,,active
25734,Tenet Healthcare Corporation,70318,THC,2026-09-25,,active
19409,"Teradyne, Inc.",97210,TER,2026-09-25,,active
82442,Terex Corporation,97216,TEX,2026-09-25,,active
90395,Terna - Rete Elettrica Nazionale S.p.A.,,TRN.MI,2026-09-25,,active
60449,"Tesla, Inc.",1318605,TSLA,2026-09-25,,active
94698,Texas Instruments Incorporated,97476,TXN,2026-09-25,,active
82619,Thales S.A.,,HO.PA,2026-09-25,,active
90156,The Allstate Corporation,899051,ALL,2026-09-25,,active
29712,The Boeing Company,12927,BA,2026-09-25,,active
29884,"The Chiba Bank, Ltd.",,8331.T,2026-09-25,,active
10159,The Cigna Group,1739940,CI,2026-09-25,,active
86156,The Clorox Company,21076,CLX,2026-09-25,,active
22805,The Coca-Cola Company,21344,KO,2026-09-25,,active
36332,"The Cooper Companies, Inc.",711404,COO,2026-09-25,,active
90151,The Estée Lauder Companies Inc.,1001250,EL,2026-09-25,,active
17935,"The Goldman Sachs Group, Inc.",886982,GS,2026-09-25,,active
55400,"The Hartford Insurance Group, Inc.",874766,HIG,2026-09-25,,active
32527,The Hershey Company,47111,HSY,2026-09-25,,active
50528,"The Home Depot, Inc.",354950,HD,2026-09-25,,active
66233,The Hong Kong and China Gas Company Limited,,0003.HK,2026-09-25,,active
56043,The J. M. Smucker Company,91419,SJM,2026-09-25,,active
95359,"The Kansai Electric Power Company, Incorporated",,9503.T,2026-09-25,,active
57527,The Kroger Co.,56873,KR,2026-09-25,,active
32911,The Procter & Gamble Company,80424,PG,2026-09-25,,active
50559,The Progressive Corporation,80661,PGR,2026-09-25,,active
37600,The Sherwin-Williams Company,89800,SHW,2026-09-25,,active
87793,The Siam Cement Public Company Limited,,SCC.BK,2026-09-25,,active
83667,"The TJX Companies, Inc.",109198,TJX,2026-09-25,,active
64014,The Toro Company,737758,TTC,2026-09-25,,active
46877,The Toronto-Dominion Bank,,TD.TO,2026-09-25,,active
79172,"The Travelers Companies, Inc.",86312,TRV,2026-09-25,,active
72965,The Walt Disney Company,1744489,DIS,2026-09-25,,active
21953,"The Williams Companies, Inc.",107263,WMB,2026-09-25,,active
83498,Thermo Fisher Scientific Inc.,97745,TMO,2026-09-25,,active
75725,Thomson Reuters Corporation,,TRI.TO,2026-09-25,,active
91843,Tieto Oyj,,TIETO.HE,2026-09-25,,active
26616,Timken Company,98362,TKR,2026-09-25,,active
26972,Tingyi (Cayman Islands) Holding Corp.,,0322.HK,2026-09-25,,active
66965,Titan Company Limited,,TITAN.NS,2026-09-25,,active
74621,"Toho Co., Ltd.",,9602.T,2026-09-25,,active
22508,"Tokio Marine Holdings, Inc.",,8766.T,2026-09-25,,active
49745,"Tokyo Electric Power Company Holdings, Incorporated",,9501.T,2026-09-25,,active
49200,Tokyo Electron Limited,,8035.T,2026-09-25,,active
93779,"Tokyo Gas Co., Ltd.",,9531.T,2026-09-25,,active
88156,Tokyu Corporation,,9005.T,2026-09-25,,active
82575,TotalEnergies SE,,TTE.PA,2026-09-25,,active
99296,Toyota Motor Corporation,,7203.T,2026-09-25,,active
44377,Toyota Tsusho Corporation,,8015.T,2026-09-25,,active
49788,Tractor Supply Company,916365,TSCO,2026-09-25,,active
35372,Trane Technologies plc,1466258,TT,2026-09-25,,active
27353,Trent Limited,,TRENT.NS,2026-09-25,,active
85764,Trimble Inc.,864749,TRMB,2026-09-25,,active
18574,Truist Financial Corporation,92230,TFC,2026-09-25,,active
27961,Tryg A/S,,TRYG.CO,2026-09-25,,active
69101,"Tyler Technologies, Inc.",860731,TYL,2026-09-25,,active
34360,UBS Group AG,,UBSG.SW,2026-09-25,,active
47731,UCB SA,,UCB.BR,2026-09-25,,active
53414,"UDR, Inc.",74208,UDR,2026-09-25,,active
10124,UPL Limited,,UPL.NS,2026-09-25,,active
13355,UPM-Kymmene Oyj,,UPM.HE,2026-09-25,,active
74190,"Uber Technologies, Inc.",1543151,UBER,2026-09-25,,active
81228,"Ulta Beauty, Inc.",1403568,ULTA,2026-09-25,,active
89901,UltraTech Cement Limited,,ULTRACEMCO.NS,2026-09-25,,active
89840,Umicore SA,,UMI.BR,2026-09-25,,active
88070,"Under Armour, Inc.",1336917,UAA;UA,2026-09-25,,active
57934,UniCredit S.p.A.,,UCG.MI,2026-09-25,,active
29466,Unibail-Rodamco-Westfield SE,,URW.PA,2026-09-25,,active
33824,Unicaja Banco S.A.,,UNI.MC,2026-09-25,,active
68456,Unicharm Corporation,,8113.T,2026-09-25,,active
96032,Unilever plc,,ULVR.L,2026-09-25,,active
43514,Union Bank of India,,UNIONBANK.NS,2026-09-25,,active
91078,Union Pacific Corporation,100885,UNP,2026-09-25,,active
94215,"United Airlines Holdings, Inc.",100517,UAL,2026-09-25,,active
29027,United Internet AG,,UTDI.DE,2026-09-25,,active
79661,United Microelectronics Corporation (UMC),,2303.TW,2026-09-25,,active
83196,United Overseas Bank Limited,,U11.SI,2026-09-25,,active
53061,"United Rentals, Inc.",1067701,URI,2026-09-25,,active
19497,UnitedHealth Group Incorporated,731766,UNH,2026-09-25,,active
88399,"Universal Health Services, Inc.",352915,UHS,2026-09-25,,active
83243,V.F. Corporation,103379,VFC,2026-09-25,,active
42991,VAT Group AG,,VACN.SW,2026-09-27,,active
32351,VICI Properties Inc.,1705696,VICI,2026-09-25,,active
16047,Vale S.A.,,VALE3.SA,2026-09-25,,active
67214,Valero Energy Corporation,1035002,VLO,2026-09-25,,active
90925,Valiant Holding AG,,VATN.SW,2026-09-27,,active
67237,Valmet Oyj,,VALMT.HE,2026-09-25,,active
52640,Varun Beverages Limited,,VBL.NS,2026-09-25,,active
58286,"Ventas, Inc.",740260,VTR,2026-09-25,,active
84235,Veolia Environnement S.A.,,VIE.PA,2026-09-25,,active
98591,Verbio SE,,VBK.DE,2026-09-27,,active
15612,Verbund AG,,VER.VI,2026-09-25,,active
18233,"VeriSign, Inc.",1014473,VRSN,2026-09-25,,active
82646,"Verisk Analytics, Inc.",1442145,VRSK,2026-09-25,,active
26011,Vertex Pharmaceuticals Incorporated,875320,VRTX,2026-09-25,,active
47054,Vestas Wind Systems A/S,,VWS.CO,2026-09-25,,active
84772,Viatris Inc.,1792044,VTRS,2026-09-25,,active
10014,Vinci S.A.,,DG.PA,2026-09-25,,active
51297,Visa Inc.,1403161,V,2026-09-25,,active
44914,Vistra Corp.,1692819,VST,2026-09-25,,active
46003,Vivendi SE,,VIV.PA,2026-09-25,,active
58310,Vodafone Group plc,,VOD.L,2026-09-25,,active
52591,Volkswagen AG,,VOW3.DE,2026-09-25,,active
54778,Volvo AB,,VOLV-B.ST,2026-09-25,,active
64756,Vonovia SE,,VNA.DE,2026-09-25,,active
68515,Vontier Corporation,1786842,VNT,2026-09-25,,active
91451,Vopak N.V.,,VPK.AS,2026-09-25,,active
75760,Vornado Realty Trust,899689,VNO,2026-09-25,,active
64077,Vulcan Materials Company,1396009,VMC,2026-09-25,,active
96762,"W.W. Grainger, Inc.",277135,GWW,2026-09-25,,active
57165,"WEC Energy Group, Inc.",783325,WEC,2026-09-25,,active
60730,WEG S.A.,,WEGE3.SA,2026-09-25,,active
10784,WH Group Limited,,0288.HK,2026-09-25,,active
25534,Wacker Chemie AG,,WCH.DE,2026-09-25,,active
35211,"Wal-Mart de México, S.A.B. de C.V.",,WALMEX.MX,2026-09-25,,active
21391,Walmart Inc.,104169,WMT,2026-09-25,,active
30994,Wan Hai Lines Ltd.,,2615.TW,2026-09-25,,active
36756,"Wanhua Chemical Group Co., Ltd.",,600309.SS,2026-09-25,,active
55875,Want Want China Holdings Limited,,0151.HK,2026-09-25,,active
25190,Warehouses De Pauw SA,,WDP.BR,2026-09-25,,active
31452,"Warner Bros. Discovery, Inc.",1437107,WBD,2026-09-25,,active
56045,"Waste Connections, Inc.",,WCN.TO,2026-09-25,,active
20459,"Waste Management, Inc.",823768,WM,2026-09-25,,active
68043,Waters Corporation,1000697,WAT,2026-09-25,,active
63338,Wells Fargo & Company,72971,WFC,2026-09-25,,active
54816,Welltower Inc.,766704,WELL,2026-09-25,,active
16403,"Wens Foodstuffs Group Co., Ltd.",,300498.SZ,2026-09-25,,active
75233,Wesfarmers Limited,,WES.AX,2026-09-25,,active
62926,West Japan Railway Company,,9021.T,2026-09-25,,active
36027,"West Pharmaceutical Services, Inc.",105770,WST,2026-09-25,,active
45034,Western Digital Corporation,106040,WDC,2026-09-25,,active
94858,Westinghouse Air Brake Technologies Corporation,943452,WAB,2026-09-25,,active
80737,Westpac Banking Corporation,,WBC.AX,2026-09-25,,active
23123,Weyerhaeuser Company,106535,WY,2026-09-25,,active
26828,Wheaton Precious Metals Corp.,,WPM.TO,2026-09-25,,active
27041,Whirlpool Corporation,106640,WHR,2026-09-25,,active
81456,Willis Towers Watson Public Limited Company,1140536,WTW,2026-09-25,,active
62594,Wipro Limited,,WIPRO.NS,2026-09-25,,active
11401,Wistron Corporation,,3231.TW,2026-09-25,,active
35984,Wolters Kluwer N.V.,,WKL.AS,2026-09-25,,active
39446,Woodside Energy Group Ltd,,WDS.AX,2026-09-25,,active
41080,Woolworths Group Limited,,WOW.AX,2026-09-25,,active
61504,Woori Financial Group Inc.,,316140.KS,2026-09-25,,active
75447,WuXi Biologics (Cayman) Inc.,,2269.HK,2026-09-25,,active
29991,"Wuliangye Yibin Co., Ltd.",,000858.SZ,2026-09-25,,active
48360,Wärtsilä Oyj Abp,,WRT1V.HE,2026-09-25,,active
94952,Xcel Energy Inc.,72903,XEL,2026-09-25,,active
48280,Xero Limited,,XRO.AX,2026-09-25,,active
13623,Xiaomi Corporation,,1810.HK,2026-09-25,,active
21171,Xinyi Glass Holdings Limited,,0868.HK,2026-09-25,,active
73343,Xinyi Solar Holdings Limited,,0968.HK,2026-09-25,,active
51382,Xylem Inc.,1524472,XYL,2026-09-25,,active
26467,YOC AG,,YOC.DE,2026-09-25,,active
97558,Yageo Corporation,,2327.TW,2026-09-25,,active
24026,Yamaha Corporation,,7951.T,2026-09-25,,active
54976,"Yamato Holdings Co., Ltd.",,9064.T,2026-09-25,,active
59760,Yang Ming Marine Transport Corporation,,2609.TW,2026-09-25,,active
82219,Yangzijiang Shipbuilding (Holdings) Ltd.,,BS6.SI,2026-09-25,,active
59281,Yaskawa Electric Corporation,,6506.T,2026-09-25,,active
15955,"Yuanta Financial Holding Co., Ltd.",,2885.TW,2026-09-25,,active
26409,"Yum! Brands, Inc.",1041061,YUM,2026-09-25,,active
52607,Zalando SE,,ZAL.DE,2026-09-25,,active
55253,Zebra Technologies Corporation,877212,ZBRA,2026-09-25,,active
93511,"Zijin Mining Group Co., Ltd.",,2899.HK;601899.SS,2026-09-25,,active
99652,"Zions Bancorporation, N.A.",109380,ZION,2026-09-25,,active
36468,Zurich Insurance Group AG,,ZURN.SW,2026-09-25,,active
72025,artec technologies AG,,A6T.DE,2026-09-27,,active
96788,audius SE,,3ITN.DE,2026-09-27,,active
14997,bet-at-home.com AG,,ACX.DE,2026-09-27,,active
31958,technotrans SE,,TTR1.DE,2026-09-27,,active
43448,Ørsted A/S,,ORSTED.CO,2026-09-25,,active
75201,"Actinium Pharmaceuticals, Inc.",,ACT.DE,2026-09-25,,removed
38839,Bossard Holding AG,,BOS.DE,2026-09-25,,removed
95042,CompuGroup Medical SE & Co. KGaA,,COP.DE,2026-09-27,,removed
98614,Medion AG,,MDO.DE,2026-09-25,,removed
85932,Pfandbriefbank AG,,PFT.DE,2026-09-25,,removed
22172,Squer AG,,SQU.DE,2026-09-25,,removed
48999,iShares MSCI Europe,,ISPA.DE,2026-09-25,,removed
22091,iShares MSCI Europe ESG,,EXSG.DE,2026-09-25,,removed
54120,iShares STOXX Europe 600,,EXSA.DE;EXSD.DE;EXSH.DE;EXSE.DE;EXXU.DE;EXX5.DE;EXXT.DE,2026-09-25,,removed
26735,2HRA AG,,,2026-09-25,,reassigned
75798,3ITN AG,,,2026-09-25,,reassigned
84202,3SQ1 AG,,,2026-09-25,,reassigned
65334,4X0 AG,,,2026-09-25,,reassigned
99616,7V0 AG,,,2026-09-25,,reassigned
65340,93M1 AG,,,2026-09-25,,reassigned
37518,A1OS AG,,,2026-09-25,,reassigned
17637,A6T AG,,,2026-09-25,,reassigned
31728,ACX AG,,,2026-09-25,,reassigned
91820,AOF AG,,,2026-09-25,,reassigned
46783,"Alfa, S.A.B. de C.V.",,,2026-09-25,,reassigned
39405,Aroundtown SA,,,2026-09-25,,reassigned
71976,BWT Aktiengesellschaft,,,2026-09-25,,reassigned
89023,Bayer AG,,,2026-09-25,,reassigned
35035,Cancom SE,,,2026-09-25,,reassigned
38297,Cansino Biologics Inc.,,,2026-09-25,,reassigned
85962,Caparol AG,,,2026-09-25,,reassigned
77015,Capri Holdings Limited,,,2026-09-25,,reassigned
89560,CompuGroup Medical SE & Co. KGaA,,,2026-09-25,,reassigned
45934,"Daewoo Shipbuilding & Marine Engineering Co., Ltd. (Hanwha Ocean)",,,2026-09-25,,reassigned
11180,Deutsche Bahn AG,,,2026-09-25,,reassigned
62687,ERG S.p.A.,,,2026-09-25,,reassigned
77254,"EVE Energy Co., Ltd.",,,2026-09-25,,reassigned
64715,Eltel AB,,,2026-09-25,,reassigned
23291,Euromicron AG,,,2026-09-25,,reassigned
29174,FCR Immobilien AG,,,2026-09-25,,reassigned
44612,Fastned B.V.,,,2026-09-25,,reassigned
58909,Ferratum Oyj (Multitude SE),,,2026-09-25,,reassigned
69831,GRENKE AG,,,2026-09-25,,reassigned
30880,Global Fashion Group S.A.,,,2026-09-25,,reassigned
49234,H&R AG,,,2026-09-25,,reassigned
75160,Hamburger Hafen und Logistik AG,,,2026-09-25,,reassigned
45846,"Hanwha Aerospace Co., Ltd.",,,2026-09-25,,reassigned
53497,Heidelberger Druckmaschinen AG,,,2026-09-25,,reassigned
58908,Innate Pharma SA,,,2026-09-25,,reassigned
79379,Interpump Group S.p.A.,,,2026-09-25,,reassigned
76056,Kaufman & Broad S.A.,,,2026-09-25,,reassigned
48450,Lundin Mining Corporation,,,2026-09-25,,reassigned
85507,M7 Real Estate,,,2026-09-25,,reassigned
80457,Muehlhan AG,,,2026-09-25,,reassigned
36146,Netcompany Group A/S,,,2026-09-25,,reassigned
79825,Nexity S.A.,,,2026-09-25,,reassigned
97781,"Pohang Coated Steel Co., Ltd. (POSCO C&C)",,,2026-09-25,,reassigned
45607,SMT Scharf AG,,,2026-09-25,,reassigned
31985,Shiftex AG,,,2026-09-25,,reassigned
95939,Somfy SA,,,2026-09-25,,reassigned
74910,Stada Arzneimittel AG,,,2026-09-25,,reassigned
98399,Stöbich AG,,,2026-09-25,,reassigned
62044,Südzucker AG,,,2026-09-25,,reassigned
99402,TeamViewer SE,,,2026-09-25,,reassigned
90139,VAT Group AG,,,2026-09-25,,reassigned
38207,Volksbank AG,,,2026-09-25,,reassigned
11114,"斬京銀行 (Bank of Nanjing Co., Ltd.)",,,2026-09-25,,reassigned
54501,Alphabet Inc. Class C,,,2026-09-25,82035,merged
86057,Fox Corporation Class B,,,2026-09-25,67825,merged
77473,News Corporation Class B,,,2026-09-25,55568,merged
34373,"Under Armour, Inc. Class C",,,2026-09-25,88070,merged
