corporate_id,Name,Ticker
52067,1&1 AG,1U1.DE
29215,"10x Genomics, Inc.",TXG
60715,2G Energy AG,2GB.DE
26735,2HRA AG,2HRA.DE
75798,3ITN AG,3ITN.DE
84202,3SQ1 AG,3SQ1.DE
65334,4X0 AG,4X0.DE
99616,7V0 AG,7V0.DE
65340,93M1 AG,93M1.DE
30058,A. O. Smith Corporation,AOS
60475,A.P. Møller - Mærsk A/S,MAERSK-B.CO
37518,A1OS AG,A1OS.DE
94595,A2A S.p.A.,A2A.MI
17637,A6T AG,A6T.DE
10763,ABB India Limited,ABB.NS
82855,ABB Ltd,ABBN.SW
96728,ABN AMRO Bank N.V.,ABN.AS
84256,ACC Limited,ACC.NS
58938,"ACS, Actividades de Construcción y Servicios S.A.",ACS.MC
31728,ACX AG,ACX.DE
33156,ANA Holdings Inc.,9202.T
82420,ANTA Sports Products Limited,2020.HK
70283,ANZ Group Holdings Limited,ANZ.AX
91820,AOF AG,AOF.DE
36577,APA Corporation,APA
53037,APA Group,APA.AX
70989,"ASE Technology Holding Co., Ltd.",3711.TW
40285,ASM International N.V.,ASM.AS
55558,ASML Holding N.V.,ASML.AS
76509,ASSA ABLOY AB,ASSA-B.ST
48523,ASUSTeK Computer Inc.,2357.TW
86601,AT&T Inc.,T
50400,AUO Corporation,2409.TW
65172,AVIC Xi'an Aircraft Industry Group Company Ltd.,000768.SZ
79349,AXA S.A.,CS.PA
68222,Aalberts N.V.,AALB.AS
24938,AbbVie Inc.,ABBV
31944,Abbott Laboratories,ABT
45919,Accenture plc,ACN
86771,Acciona S.A.,ANA.MC
77768,Accor S.A.,AC.PA
14160,Ackermans & van Haaren NV,ACKB.BR
75201,"Actinium Pharmaceuticals, Inc.",ACT.DE
90860,Adani Enterprises Limited,ADANIENT.NS
13264,Adani Green Energy Limited,ADANIGREEN.NS
95950,Adani Ports and Special Economic Zone Limited,ADANIPORTS.NS
38159,Adani Power Limited,ADANIPOWER.NS
69672,Adidas AG,ADS.DE
52863,Adobe Inc.,ADBE
92122,Adva Optical Networking SE,AAD.DE
92122,Adva Optical Networking SE,ADV.DE
54993,Advanced Info Service Public Company Limited,ADVANC.BK
47669,"Advanced Micro Devices, Inc.",AMD
20185,"Advantech Co., Ltd.",2395.TW
58582,Advantest Corporation,6857.T
86598,Adyen N.V.,ADYEN.AS
15565,Aegon N.V.,AGN.AS
31250,Aena S.M.E. S.A.,AENA.MC
47329,"Aeon Co., Ltd.",8267.T
68847,Aflac Incorporated,AFL
67717,Ageas SA/NV,AGS.BR
34654,"Agilent Technologies, Inc.",A
28884,Agnico Eagle Mines Limited,AEM.TO
10036,Agricultural Bank of China Limited,1288.HK
10036,Agricultural Bank of China Limited,601288.SS
46465,"Aier Eye Hospital Group Co., Ltd.",300015.SZ
20158,Air China Limited,601111.SS
43848,Air Liquide S.A.,AI.PA
51349,Airbus SE,AIR.PA
30039,Airports of Thailand Public Company Limited,AOT.BK
76480,Aixtron SE,AIXA.DE
24224,"Ajinomoto Co., Inc.",2802.T
26940,"Akamai Technologies, Inc.",AKAM
20972,Akzo Nobel N.V.,AKZA.AS
24036,Albemarle Corporation,ALB
82109,Alcon Inc.,ALC.SW
93733,"Alexandria Real Estate Equities, Inc.",ARE
21044,Alfa Laval AB,ALFA.ST
46783,"Alfa, S.A.B. de C.V.",ALPEKA.MX
63634,Alibaba Group Holding Limited,9988.HK
20223,"Align Technology, Inc.",ALGN
36719,Alimentation Couche-Tard Inc.,ATD.TO
82301,Allegion plc,ALLE
86916,Alliant Energy Corporation,LNT
36004,Allianz SE,ALV.DE
82035,Alphabet Inc. Class A,GOOGL
54501,Alphabet Inc. Class C,GOOG
19583,Alstom S.A.,ALO.PA
89677,"Altria Group, Inc.",MO
53195,Aluminum Corporation of China Limited,2600.HK
48125,Amadeus IT Group S.A.,AMS.MC
57233,"Amazon.com, Inc.",AMZN
82706,Ambev S.A.,ABEV3.SA
68645,Ambuja Cements Limited,AMBUJACEM.NS
62524,Amcor plc,AMCR
28792,Ameren Corporation,AEE
31249,American Airlines Group Inc.,AAL
37481,"American Electric Power Company, Inc.",AEP
12743,American Express Company,AXP
18567,"American International Group, Inc.",AIG
84834,"American Water Works Company, Inc.",AWK
23304,"Ameriprise Financial, Inc.",AMP
56730,Amgen Inc.,AMGN
70425,Amphenol Corporation,APH
65394,Amplifon S.p.A.,AMP.MI
93825,"Analog Devices, Inc.",ADI
24086,Andritz AG,ANDR.VI
26976,Anglo American plc,AAL.L
47599,Anheuser-Busch InBev SA/NV,ABI.BR
85747,Anhui Conch Cement Company Limited,0914.HK
85747,Anhui Conch Cement Company Limited,600585.SS
53174,"Anhui Jianghuai Automobile Group Corp., Ltd.",0922.HK
87399,Aon plc,AON
24994,"Apollo Global Management, Inc.",APO
31488,Apollo Hospitals Enterprise Limited,APOLLOHOSP.NS
70357,Apple Inc.,AAPL
87952,"Applied Materials, Inc.",AMAT
63268,Archer-Daniels-Midland Company,ADM
76824,"Arista Networks, Inc.",ANET
51209,Aristocrat Leisure Limited,ALL.AX
19314,Arkema S.A.,AKE.PA
39405,Aroundtown SA,BC8.DE
83962,Arthur J. Gallagher & Co.,AJG
73252,"Asahi Group Holdings, Ltd.",2502.T
72976,Asahi Kasei Corporation,3407.T
87791,Asia Cement Corporation,1102.TW
89864,Asian Paints Limited,ASIANPAINT.NS
90739,Assicurazioni Generali S.p.A.,G.MI
39444,"Assurant, Inc.",AIZ
69460,Astellas Pharma Inc.,4503.T
28373,AstraZeneca plc,AZN.L
18793,Atlas Copco AB,ATCO-A.ST
85088,Atmos Energy Corporation,ATO
45302,Aurobindo Pharma Limited,AUROPHARMA.NS
75394,Aurubis AG,NDA.DE
94918,"AutoZone, Inc.",AZO
41572,"Autodesk, Inc.",ADSK
70081,"Autoliv, Inc.",ALIV-SDB.ST
76367,"AvalonBay Communities, Inc.",AVB
28142,Avenue Supermarts Limited,DMART.NS
16232,Avery Dennison Corporation,AVY
42921,Axiata Group Berhad,6888.KL
37273,Axis Bank Limited,AXISBANK.NS
74223,"Axon Enterprise, Inc.",AXON
64425,B3 S.A.,B3SA3.SA
15523,BASF SE,BAS.DE
75722,BCE Inc.,BCE.TO
37093,BE Semiconductor Industries N.V.,BESI.AS
74205,BHP Group Limited,BHP.AX
66707,BNP Paribas S.A.,BNP.PA
73645,BOC Hong Kong (Holdings) Limited,2388.HK
53937,"BOE Technology Group Co., Ltd.",000725.SZ
81597,BP plc,BP.L
94365,BPER Banca S.p.A.,BPE.MI
71976,BWT Aktiengesellschaft,BWB.DE
17136,"BXP, Inc.",BXP
81072,BYD Company Limited,002594.SZ
81072,BYD Company Limited,1211.HK
33807,"Baidu, Inc.",9888.HK
78932,Bajaj Auto Limited,BAJAJ-AUTO.NS
58734,Bajaj Finance Limited,BAJFINANCE.NS
43443,Bajaj Finserv Limited,BAJAJFINSV.NS
20326,Baker Hughes Company,BKR
80413,Ball Corporation,BALL
48227,Banco BPM S.p.A.,BAMI.MI
51770,Banco Bilbao Vizcaya Argentaria S.A.,BBVA.MC
98017,Banco Bradesco S.A.,BBDC4.SA
74479,"Banco Comercial Português, S.A.",BCP.LS
69230,Banco Santander S.A.,SAN.MC
19182,Banco do Brasil S.A.,BBAS3.SA
50317,Bandai Namco Holdings Inc.,7832.T
56789,Bangkok Dusit Medical Services Public Company Limited,BDMS.BK
35685,Bank Pekao S.A.,PEO.WA
54912,Bank of America Corporation,BAC
14714,"Bank of Beijing Co., Ltd.",601169.SS
18680,Bank of China Limited,3988.HK
18680,Bank of China Limited,601988.SS
40400,"Bank of Communications Co., Ltd.",601328.SS
96295,Bank of Montreal,BMO.TO
46772,"Bank of Ningbo Co., Ltd.",002142.SZ
30262,Bank of Nova Scotia,BNS.TO
65979,"Bank of Shanghai Co., Ltd.",601229.SS
41069,Bankinter S.A.,BKT.MC
98327,"Baoshan Iron & Steel Co., Ltd.",600019.SS
21417,Barclays plc,BARC.L
52667,Barrick Gold Corporation,ABX.TO
26489,Basler AG,BSL.DE
52735,Baxter International Inc.,BAX
43324,BayWa AG,BYW.DE
43324,BayWa AG,BYW6.DE
89023,Bayer AG,BFSA.DE
67928,Bayerische Motoren Werke AG,BMW.DE
53923,"Becton, Dickinson and Company",BDX
93724,Beiersdorf AG,BEI.DE
93724,Beiersdorf AG,BEZ.DE
22871,Berger Paints India Limited,BERGEPAINT.NS
38610,Berkshire Hathaway Inc. Class B,BRK-B
63290,"Best Buy Co., Inc.",BBY
43753,Bharat Electronics Limited,BEL.NS
77005,Bharat Petroleum Corporation Limited,BPCL.NS
66830,Bharti Airtel Limited,BHARTIARTL.NS
97046,Bijou Brigitte AG,BIJ.DE
51897,"Bio-Rad Laboratories, Inc.",BIO
70367,Bio-Techne Corporation,TECH
39346,BioMérieux S.A.,BIM.PA
98133,Biocon Limited,BIOCON.NS
63329,Biogen Inc.,BIIB
26490,"BlackRock, Inc.",BLK
26187,Blackstone Inc.,BX
73232,Boliden AB,BOL.ST
43782,Booking Holdings Inc.,BKNG
39751,Borussia Dortmund GmbH & Co. KGaA,BVB.DE
38839,Bossard Holding AG,BOS.DE
51790,Boston Scientific Corporation,BSX
89777,Bouygues S.A.,EN.PA
31336,Brembo S.p.A.,BRE.MI
11588,Bridgestone Corporation,5108.T
22798,Bristol-Myers Squibb Company,BMY
36683,Britannia Industries Limited,BRITANNIA.NS
23930,British American Tobacco p.l.c.,BATS.L
24197,Broadcom Inc.,AVGO
58273,"Broadridge Financial Solutions, Inc.",BR
19569,Brookfield Asset Management Ltd.,BAM.TO
22870,"Brown & Brown, Inc.",BRO
34540,Brown-Forman Corporation Class B,BF-B
89266,Brunello Cucinelli S.p.A.,BC.MI
73371,Bunge Global SA,BG
48810,Bureau Veritas S.A.,BVI.PA
24995,"C.H. Robinson Worldwide, Inc.",CHRW
50179,"CBRE Group, Inc.",CBRE
92253,CDW Corporation,CDW
32763,"CF Industries Holdings, Inc.",CF
16317,CGI Inc.,GIB-A.TO
35046,CIMB Group Holdings Berhad,1023.KL
92575,CITIC Limited,0267.HK
17037,CITIC Securities Company Limited,600030.SS
39311,CJ CheilJedang Corp.,097950.KS
15863,CJ Corporation,001040.KS
48455,CK Asset Holdings Limited,1113.HK
37402,CK Hutchison Holdings Limited,0001.HK
19715,CK Infrastructure Holdings Limited,1038.HK
62501,CLP Holdings Limited,0002.HK
23302,CME Group Inc.,CME
79095,CMS Energy Corporation,CMS
46798,CNOOC Limited,0883.HK
64685,"COSCO SHIPPING Holdings Co., Ltd.",601919.SS
60757,COSCO SHIPPING Ports Limited,1199.HK
37692,CP ALL Public Company Limited,CPALL.BK
97187,CRRC Corporation Limited,601766.SS
12303,CSL Limited,CSL.AX
31083,CSPC Pharmaceutical Group Limited,1093.HK
14131,CSX Corporation,CSX
34974,"CTBC Financial Holding Co., Ltd.",2891.TW
90869,CVS Health Corporation,CVS
22966,"Cadence Design Systems, Inc.",CDNS
34646,"Caesars Entertainment, Inc.",CZR
79441,CaixaBank S.A.,CABK.MC
48854,Camden Property Trust,CPT
81528,Campbell Soup Company,CPB
49504,Canadian National Railway Company,CNR.TO
38626,Canadian Natural Resources Limited,CNQ.TO
29961,Canadian Pacific Kansas City Limited,CP.TO
58183,Canara Bank,CANBK.NS
35035,Cancom SE,CWC.DE
44262,Canon Inc.,7751.T
38297,Cansino Biologics Inc.,6160.HK
85962,Caparol AG,CAP.DE
54982,Capgemini SE,CAP.PA
51599,Capital One Financial Corporation,COF
94213,Capital Securities Corporation,6005.TW
77015,Capri Holdings Limited,CPR.MI
42260,"CarMax, Inc.",KMX
21713,"Cardinal Health, Inc.",CAH
95225,Carl Zeiss Meditec AG,AFX.DE
37509,Carlsberg A/S,CARL-B.CO
42875,Carnival Corporation & plc,CCL
21732,Carrefour S.A.,CA.PA
72374,Carrier Global Corporation,CARR
29993,Castellum AB,CAST.ST
63517,Caterpillar Inc.,CAT
98319,"Cathay Financial Holding Co., Ltd.",2882.TW
58305,Ceconomy AG,CEC.DE
36149,Celanese Corporation,CE
10863,Cellnex Telecom S.A.,CLNX.MC
92789,"Celltrion, Inc.",068270.KS
66963,"Cemex, S.A.B. de C.V.",CEMEXCPO.MX
56968,"Cencora, Inc.",COR
45158,Cenovus Energy Inc.,CVE.TO
49885,Centene Corporation,CNC
67502,"CenterPoint Energy, Inc.",CNP
23270,Central Bank of India,CENTRALBK.NS
14081,Central Japan Railway Company,9022.T
74845,"Chang Hwa Commercial Bank, Ltd.",2801.TW
45779,"Charles River Laboratories International, Inc.",CRL
89141,"Cheng Shin Rubber Ind. Co., Ltd.",2105.TW
14678,Chevron Corporation,CVX
95417,China Citic Bank Corporation Limited,601998.SS
98074,China Coal Energy Company Limited,601898.SS
70195,China Communications Construction Company Limited,601800.SS
57845,China Construction Bank Corporation,0939.HK
57845,China Construction Bank Corporation,601939.SS
32074,China Development Financial Holding Corp.,2883.TW
69314,China Everbright Bank Company Limited,601818.SS
92364,China Hongqiao Group Limited,1378.HK
65021,China Life Insurance Company Limited,2628.HK
65021,China Life Insurance Company Limited,601628.SS
82680,China Mengniu Dairy Company Limited,2319.HK
38438,"China Merchants Bank Co., Ltd.",3968.HK
38438,"China Merchants Bank Co., Ltd.",600036.SS
83549,"China Minsheng Banking Corp., Ltd.",600016.SS
98323,China Mobile Limited,0941.HK
84366,China National Building Material Company Limited,3323.HK
73346,China Overseas Land & Investment Limited,0688.HK
35013,"China Pacific Insurance (Group) Co., Ltd.",601601.SS
70722,China Petroleum & Chemical Corporation,600028.SS
39944,China Railway Group Limited,601390.SS
29105,China Resources Beer (Holdings) Company Limited,0291.HK
33456,China Resources Land Limited,1109.HK
25786,China Resources Mixc Lifestyle Services Limited,1209.HK
44525,China Shenhua Energy Company Limited,1088.HK
44525,China Shenhua Energy Company Limited,601088.SS
28945,China State Construction Engineering Corporation Limited,601668.SS
61494,China State Construction International Holdings Limited,3311.HK
53294,China Steel Corporation,2002.TW
30637,China Telecom Corporation Limited,601728.SS
43730,China Tourism Duty Free Corporation Limited,601888.SS
61306,China Unicom (Hong Kong) Limited,0762.HK
21309,"China Vanke Co., Ltd.",000002.SZ
59056,"China Yangtze Power Co., Ltd.",600900.SS
80980,"Chipotle Mexican Grill, Inc.",CMG
23433,"Chongqing Zhifei Biological Products Co., Ltd.",300122.SZ
94811,Chow Tai Fook Jewellery Group Limited,1929.HK
49774,Chubb Limited,CB
40775,"Chubu Electric Power Company, Incorporated",9502.T
58770,"Chugai Pharmaceutical Co., Ltd.",4519.T
62577,"Chunghwa Telecom Co., Ltd.",2412.TW
40304,"Church & Dwight Co., Inc.",CHD
11700,Cincinnati Financial Corporation,CINF
21220,Cintas Corporation,CTAS
73709,Cipla Limited,CIPLA.NS
29837,"Cisco Systems, Inc.",CSCO
60130,Citigroup Inc.,C
64421,"Citizens Financial Group, Inc.",CFG
79792,"CoStar Group, Inc.",CSGP
21566,Coal India Limited,COALINDIA.NS
91147,Cognizant Technology Solutions Corporation,CTSH
47277,Colgate-Palmolive (India) Limited,COLPAL.NS
90109,Colgate-Palmolive Company,CL
27002,Coloplast A/S,COLO-B.CO
16014,ComfortDelGro Corporation Limited,C52.SI
38337,Commerzbank AG,CBK.DE
87357,Commonwealth Bank of Australia,CBA.AX
10382,Compagnie Financière Richemont S.A.,CFR.SW
55079,Compagnie Générale des Établissements Michelin,ML.PA
53019,Compagnie de Saint-Gobain S.A.,SGO.PA
89560,CompuGroup Medical SE & Co. KGaA,COK.DE
39145,"Conagra Brands, Inc.",CAG
68564,ConocoPhillips,COP
59737,"Consolidated Edison, Inc.",ED
72437,"Constellation Brands, Inc.",STZ
60310,Constellation Energy Corporation,CEG
45279,"Contemporary Amperex Technology Co., Limited (CATL)",300750.SZ
11111,Continental AG,CON.DE
57974,"Copart, Inc.",CPRT
55613,Corning Incorporated,GLW
28822,"Corteva, Inc.",CTVA
36607,Costco Wholesale Corporation,COST
98842,"Credit Saison Co., Ltd.",8253.T
27336,"CrowdStrike Holdings, Inc.",CRWD
29618,Crown Castle Inc.,CCI
22413,Crédit Agricole S.A.,ACA.PA
42795,Cummins Inc.,CMI
11995,Cummins India Limited,CUMMINSIND.NS
86027,"D.R. Horton, Inc.",DHI
10022,"DB Insurance Co., Ltd.",005830.KS
74597,DBS Group Holdings Ltd,D05.SI
90711,DHL Group,DHL.DE
52826,DLF Limited,DLF.NS
92259,DSM-Firmenich AG,DSFIR.AS
78989,DSV A/S,DSV.CO
44355,DTE Energy Company,DTE
81344,DXC Technology Company,DXC
30181,DaVita Inc.,DVA
43214,Dabur India Limited,DABUR.NS
45934,"Daewoo Shipbuilding & Marine Engineering Co., Ltd. (Hanwha Ocean)",047050.KS
73470,"Dai-ichi Life Holdings, Inc.",8750.T
88291,"Daiichi Sankyo Company, Limited",4568.T
27092,"Daikin Industries, Ltd.",6367.T
13822,Daimler Truck Holding AG,DTG.DE
60126,"Daiwa House Industry Co., Ltd.",1925.T
30659,Danaher Corporation,DHR
17630,Danone S.A.,BN.PA
43059,Danske Bank A/S,DANSKE.CO
75903,"Daqin Railway Co., Ltd.",601006.SS
17509,"Darden Restaurants, Inc.",DRI
14377,Dassault Systèmes SE,DSY.PA
93739,Deere & Company,DE
48529,Delivery Hero SE,DHER.DE
68297,Dell Technologies Inc.,DELL
65842,"Delta Air Lines, Inc.",DAL
28971,Delta Electronics (Thailand) Public Company Limited,DELTA.BK
28135,"Delta Electronics, Inc.",2308.TW
45358,Demant A/S,DEMANT.CO
62387,Denso Corporation,6902.T
78391,Dentsply Sirona Inc.,XRAY
11180,Deutsche Bahn AG,DBAN.DE
15740,Deutsche Bank AG,DBK.DE
46005,Deutsche Börse AG,DB1.DE
68205,Deutsche Lufthansa AG,LHA.DE
68378,Deutsche Pfandbriefbank AG,PBB.DE
94521,Deutsche Telekom AG,DTE.DE
73369,Deutsche Wohnen SE,DWNI.DE
80148,Devon Energy Corporation,DVN
72573,"DexCom, Inc.",DXCM
83853,DiaSorin S.p.A.,DIA.MI
31324,Diageo plc,DGE.L
94082,"Diamondback Energy, Inc.",FANG
97511,Dieteren Group,DIE.BR
62129,"Digital Realty Trust, Inc.",DLR
38423,Dino Polska S.A.,DNP.WA
20680,Divi's Laboratories Limited,DIVISLAB.NS
63052,Dollar General Corporation,DG
28737,"Dollar Tree, Inc.",DLTR
27223,"Dominion Energy, Inc.",D
94077,"Domino's Pizza, Inc.",DPZ
52774,Dover Corporation,DOV
17518,Dow Inc.,DOW
67746,Dr. Ing. h.c. F. Porsche AG,P911.DE
28719,Dr. Reddy's Laboratories Limited,DRREDDY.NS
88165,"DuPont de Nemours, Inc.",DD
98811,Duke Energy Corporation,DUK
74973,Dürr AG,DUE.DE
40355,E.ON SE,ED4.DE
40355,E.ON SE,EOAN.DE
31627,"E.SUN Financial Holding Co., Ltd.",2884.TW
27796,"EDP - Energias de Portugal, S.A.",EDP.LS
10181,"EDP Renováveis, S.A.",EDPR.LS
15175,"ENEOS Holdings, Inc.",5020.T
55852,ENN Energy Holdings Limited,2688.HK
16319,"EOG Resources, Inc.",EOG
94863,EQT AB,EQT.ST
62687,ERG S.p.A.,IP.MI
77254,"EVE Energy Co., Ltd.",002459.SZ
36017,East Japan Railway Company,9020.T
80868,"East Money Information Co., Ltd.",300059.SZ
23491,Eastman Chemical Company,EMN
99653,Eaton Corporation plc,ETN
45347,Eaton Vance Tax-Managed Buy-Write Opportunities Fund,ETY
82414,Ecolab Inc.,ECL
37344,Edenred SE,EDEN.PA
92407,Edison International,EIX
91526,Edwards Lifesciences Corporation,EW
31744,Eicher Motors Limited,EICHERMOT.NS
67560,"Eisai Co., Ltd.",4523.T
73747,Electronic Arts Inc.,EA
77199,"Elevance Health, Inc.",ELV
26595,Eli Lilly and Company,LLY
91494,Elia Group SA,ELI.BR
38280,Elisa Oyj,ELISA.HE
84056,Elmos Semiconductor SE,ELG.DE
64715,Eltel AB,EKTA-B.ST
66878,Emerson Electric Co.,EMR
95443,Enagás S.A.,ENG.MC
84821,Enbridge Inc.,ENB.TO
95631,Endesa S.A.,ELE.MC
28151,Enel S.p.A.,ENEL.MI
15823,Engie S.A.,ENGI.PA
58661,Eni S.p.A.,ENI.MI
79782,"Enphase Energy, Inc.",ENPH
24240,Entergy Corporation,ETR
78265,Epiroc AB,EPI-A.ST
97804,Equifax Inc.,EFX
89213,"Equinix, Inc.",EQIX
65418,Equity Residential,EQR
42288,Erste Group Bank AG,EBS.VI
85167,"Essex Property Trust, Inc.",ESS
63641,EssilorLuxottica,EL.PA
92600,Essity AB,ESSITY-B.ST
53487,Eurofins Scientific SE,ERF.PA
23291,Euromicron AG,EUZ.DE
23209,"Everest Group, Ltd.",EG
26522,Evergreen Marine Corporation (Taiwan) Ltd.,2603.TW
23328,"Evergy, Inc.",EVRG
60617,Eversource Energy,ES
82132,Evolution AB,EVO.ST
74611,Evonik Industries AG,EVK.DE
13375,Evotec SE,EVD.DE
13375,Evotec SE,EVT.DE
59375,Exelon Corporation,EXC
52292,"Expedia Group, Inc.",EXPE
51990,"Expeditors International of Washington, Inc.",EXPD
64195,Experian plc,EXPN.L
60055,Extra Space Storage Inc.,EXR
77194,Exxon Mobil Corporation,XOM
29174,FCR Immobilien AG,F3C.DE
55442,FIT Hon Teng Limited,6088.HK
33049,FMC Corporation,FMC
66502,Fair Isaac Corporation,FICO
95272,Fanuc Corporation,6954.T
98973,"Far EasTone Telecommunications Co., Ltd.",4904.TW
28382,Far Eastern New Century Corporation,1402.TW
93537,"Fast Retailing Co., Ltd.",9983.T
71681,Fastenal Company,FAST
26714,Fastighets AB Balder,BALD-B.ST
44612,Fastned B.V.,FUR.AS
67541,FedEx Corporation,FDX
82816,Federal Realty Investment Trust,FRT
16431,Ferrari N.V.,RACE.MI
58909,Ferratum Oyj (Multitude SE),FPE3.DE
27823,Ferrovial SE,FER.MC
52205,"Fidelity National Information Services, Inc.",FIS
62590,Fielmann AG,FIE.DE
27063,Fifth Third Bancorp,FITB
22854,FinecoBank S.p.A.,FBK.MI
62005,"First Financial Holding Co., Ltd.",2892.TW
28991,"First Solar, Inc.",FSLR
24307,FirstEnergy Corp.,FE
29527,Fluidra S.A.,FDR.MC
91575,"Focus Media Information Technology Co., Ltd.",002027.SZ
56672,"Fomento Económico Mexicano, S.A.B. de C.V.",FEMSAUBD.MX
90582,Formosa Chemicals & Fibre Corporation,1326.TW
80739,Formosa Petrochemical Corporation,6505.TW
38739,Formosa Plastics Corporation,1301.TW
55776,Fortescue Ltd,FMG.AX
72253,Fortive Corporation,FTV
83113,Fortum Oyj,FORTUM.HE
26114,Forvia SE,FRVIA.PA
67825,Fox Corporation Class A,FOXA
86057,Fox Corporation Class B,FOX
13553,"Foxconn Industrial Internet Co., Ltd.",601138.SS
75117,Franco-Nevada Corporation,FNV.TO
78002,"Franklin Resources, Inc.",BEN
74159,Fraport AG,FRA.DE
26535,Fresenius Medical Care AG & Co. KGaA,FME.DE
29593,Fresenius SE & Co. KGaA,FRE.DE
15201,"Fubon Financial Holding Co., Ltd.",2881.TW
68146,"Fuji Electric Co., Ltd.",6504.T
87759,Fujifilm Holdings Corporation,4901.T
97502,Fujitsu Limited,6702.T
40906,"Fukuoka Financial Group, Inc.",8354.T
25465,GAIL (India) Limited,GAIL.NS
25979,GE HealthCare Technologies Inc.,GEHC
72066,GE Vernova Inc.,GEV
44440,GEA Group AG,G1A.DE
70428,GFT Technologies SE,GFT.DE
70428,GFT Technologies SE,GYC.DE
60474,GN Store Nord A/S,GN.CO
69831,GRENKE AG,G24.DE
43588,GSK plc,GSK.L
36056,Galaxy Entertainment Group Limited,0027.HK
99946,"Galp Energia, SGPS, S.A.",GALP.LS
36532,"Ganfeng Lithium Group Co., Ltd.",002460.SZ
77494,Garmin Ltd.,GRMN
21584,"Gartner, Inc.",IT
10841,Geberit AG,GEBN.SW
78831,Gecina S.A.,GFC.PA
37430,Geely Automobile Holdings Limited,0175.HK
67612,Gen Digital Inc.,GEN
33611,Generac Holdings Inc.,GNRC
78887,General Dynamics Corporation,GD
27457,General Electric Company,GE
98258,"General Mills, Inc.",GIS
38984,Genmab A/S,GMAB.CO
65971,Genting Singapore Limited,G13.SI
77409,Genuine Parts Company,GPC
53558,Gerresheimer AG,GBF.DE
53558,Gerresheimer AG,GXI.DE
90985,Getinge AB,GETI-B.ST
57792,"Gilead Sciences, Inc.",GILD
86058,Givaudan SA,GIVN.SW
19001,Glencore plc,GLEN.L
30880,Global Fashion Group S.A.,GLJ.DE
47217,Global Payments Inc.,GPN
37169,Globe Life Inc.,GL
42245,GoDaddy Inc.,GDDY
42766,Godrej Consumer Products Limited,GODREJCP.NS
77495,GoerTek Inc.,002241.SZ
93509,Goodman Group,GMG.AX
96590,Grammer AG,GMM.DE
90744,Grasim Industries Limited,GRASIM.NS
20773,"Gree Electric Appliances, Inc. of Zhuhai",000651.SZ
57147,Grifols S.A.,GRF.MC
19765,"Gruma, S.A.B. de C.V.",GRUMAB.MX
48702,"Grupo Bimbo, S.A.B. de C.V.",BIMBOA.MX
96371,"Grupo Financiero Banorte, S.A.B. de C.V.",GFNORTEO.MX
34325,"Grupo México, S.A.B. de C.V.",GMEXICOB.MX
93095,Gulf Energy Development Public Company Limited,GULF.BK
72494,"Guosen Securities Co., Ltd.",002736.SZ
46348,"Guotai Junan Securities Co., Ltd.",601211.SS
74419,H & M Hennes & Mauritz AB,HM-B.ST
49234,H&R AG,HBH.DE
64033,"HCA Healthcare, Inc.",HCA
28768,HCL Technologies Limited,HCLTECH.NS
34182,HDFC Bank Limited,HDFCBANK.NS
57029,HDFC Life Insurance Company Limited,HDFCLIFE.NS
58104,"HMM Co., Ltd.",011200.KS
73010,HP Inc.,HPQ
55297,HSBC Holdings plc,0005.HK
55297,HSBC Holdings plc,HSBA.L
10389,HUGO BOSS AG,BOSS.DE
35431,Haidilao International Holding Ltd.,6862.HK
89936,"Haier Smart Home Co., Ltd.",600690.SS
89936,"Haier Smart Home Co., Ltd.",6690.HK
74431,Halliburton Company,HAL
75160,Hamburger Hafen und Logistik AG,HAG.DE
75160,Hamburger Hafen und Logistik AG,HDD.DE
51194,Hana Financial Group Inc.,086790.KS
46807,Hang Lung Properties Limited,0101.HK
59900,"Hangzhou Hikvision Digital Technology Co., Ltd.",002415.SZ
97032,"Hankyu Hanshin Holdings, Inc.",9042.T
77576,Hannover Rück SE,HNR1.DE
45846,"Hanwha Aerospace Co., Ltd.",009830.KS
21683,"Hasbro, Inc.",HAS
99730,Heidelberg Materials AG,HEI.DE
53497,Heidelberger Druckmaschinen AG,HLE.DE
92481,Heineken N.V.,HEIA.AS
74086,HelloFresh SE,HFG.DE
92911,Henderson Land Development Company Limited,0012.HK
98167,Hengan International Group Company Limited,1044.HK
53540,Henkel AG & Co. KGaA,HEN3.DE
96806,"Henry Schein, Inc.",HSIC
10867,Hermès International,RMS.PA
16459,Hero MotoCorp Limited,HEROMOTOCO.NS
14145,Hewlett Packard Enterprise Company,HPE
98054,Hexagon AB,HEXA-B.ST
19494,Hilton Worldwide Holdings Inc.,HLT
77065,Hindalco Industries Limited,HINDALCO.NS
80349,Hindustan Aeronautics Limited,HAL.NS
61428,Hindustan Unilever Limited,HINDUNILVR.NS
44883,"Hitachi, Ltd.",6501.T
85212,Hochtief AG,HOT.DE
84988,Holcim Ltd,HOLN.SW
54448,Holmen AB,HOLM-B.ST
58917,"Hon Hai Precision Industry Co., Ltd. (Foxconn)",2317.TW
92723,"Honda Motor Co., Ltd.",7267.T
99893,Honeywell International Inc.,HON
76393,Hong Kong Exchanges and Clearing Limited,0388.HK
40975,Hormel Foods Corporation,HRL
21054,"Host Hotels & Resorts, Inc.",HST
29392,Howmet Aerospace Inc.,HWM
13488,Hoya Corporation,7741.T
17267,"Huatai Securities Co., Ltd.",601688.SS
20348,Hubbell Incorporated,HUBB
67980,Huhtamäki Oyj,HUH1V.HE
45386,Humana Inc.,HUM
67938,Huntington Bancshares Incorporated,HBAN
96840,"Huntington Ingalls Industries, Inc.",HII
35812,Hydro One Limited,H.TO
65264,Hypoport SE,HYQ.DE
16753,"Hyundai Engineering & Construction Co., Ltd.",000720.KS
77681,"Hyundai Glovis Co., Ltd.",086280.KS
30064,"Hyundai Mobis Co., Ltd.",012330.KS
41059,Hyundai Motor Company,005380.KS
34995,Hyundai Steel Company,004020.KS
60948,ICICI Bank Limited,ICICIBANK.NS
98205,IDBI Bank Limited,IDBI.NS
45281,IDEX Corporation,IEX
18153,"IDEXX Laboratories, Inc.",IDXX
94332,IHH Healthcare Berhad,5225.KL
58976,IMCD N.V.,IMCD.AS
35420,ING Groep N.V.,INGA.AS
28892,IQVIA Holdings Inc.,IQV
16908,ISS A/S,ISS.CO
44078,ITC Limited,ITC.NS
50540,IVU Traffic Technologies AG,IVU.DE
94012,Iberdrola S.A.,IBE.MC
38969,Illinois Tool Works Inc.,ITW
26912,"Illumina, Inc.",ILMN
59499,Imperial Oil Limited,IMO.TO
14376,Incyte Corporation,INCY
50349,Indian Oil Corporation Limited,IOC.NS
90827,Indian Overseas Bank,IOB.NS
42817,Indra Sistemas S.A.,IDR.MC
54414,IndusInd Bank Limited,INDUSINDBK.NS
95181,Industria de Diseño Textil S.A. (Inditex),ITX.MC
26604,"Industrial Bank Co., Ltd.",601166.SS
95324,Industrial Bank of Korea,024110.KS
89331,Industrial and Commercial Bank of China Limited,1398.HK
89331,Industrial and Commercial Bank of China Limited,601398.SS
54479,Indutrade AB,INDT.ST
40279,Infineon Technologies AG,IFX.DE
15259,Infosys Limited,INFY.NS
52320,Ingersoll Rand Inc.,IR
89281,Inmobiliaria Colonial S.A.R.E.,COL.MC
58908,Innate Pharma SA,INH.DE
31806,"Inner Mongolia Yili Industrial Group Co., Ltd.",600887.SS
22033,Innolux Corporation,3481.TW
31830,"Inovance Technology Co., Ltd.",300124.SZ
63446,Insurance Australia Group Limited,IAG.AX
58904,"Intercontinental Exchange, Inc.",ICE
95223,International Business Machines Corporation,IBM
52413,International Flavors & Fragrances Inc.,IFF
97028,International Paper Company,IP
79379,Interpump Group S.p.A.,IG.MI
20040,Intesa Sanpaolo S.p.A.,ISP.MI
60115,Intuit Inc.,INTU
75336,"Intuitive Surgical, Inc.",ISRG
64207,Inventec Corporation,2356.TW
68471,Invesco Ltd.,IVZ
79429,Investor AB,INVE-B.ST
14456,Invitation Homes Inc.,INVH
60910,Inwit S.p.A.,INW.MI
56279,Iron Mountain Incorporated,IRM
18171,Itaú Unibanco Holding S.A.,ITUB4.SA
74390,Itaúsa S.A.,ITSA4.SA
61310,Itochu Corporation,8001.T
69424,"J.B. Hunt Transport Services, Inc.",JBHT
77413,JD Health International Inc.,6618.HK
18669,"JD.com, Inc.",9618.HK
81219,JPMorgan Chase & Co.,JPM
58910,Jabil Inc.,JBL
68986,"Jack Henry & Associates, Inc.",JKHY
71890,Jacobs Solutions Inc.,J
13445,"Japan Post Holdings Co., Ltd.",6178.T
95168,Japan Tobacco Inc.,2914.T
20555,Jardine Matheson Holdings Limited,J36.SI
91208,"Jerónimo Martins, S.G.P.S., S.A.",JMT.LS
98276,"Jiangsu Hengrui Pharmaceuticals Co., Ltd.",600276.SS
99630,"Jiangsu Yanghe Brewery Joint-Stock Co., Ltd.",002304.SZ
96340,Jio Financial Services Limited,JIOFIN.NS
29596,Johnson & Johnson,JNJ
52856,Johnson Controls International plc,JCI
31670,Julius Bär Gruppe AG,BAER.SW
71638,Jungheinrich AG,JUN3.DE
37621,Jyske Bank A/S,JYSK.CO
83435,K+S AG,SDF.DE
37861,KB Financial Group Inc.,105560.KS
70312,KBC Group NV,KBC.BR
87276,KDDI Corporation,9433.T
33376,KKR & Co. Inc.,KKR
72241,KLA Corporation,KLAC
81183,KT&G Corporation,033780.KS
75759,KWS Saat SE & Co. KGaA,KWS.DE
49220,Kakao Bank Corp.,323410.KS
36591,Kakao Corp.,035720.KS
21573,Kao Corporation,4452.T
76056,Kaufman & Broad S.A.,LI.PA
59640,"Kawasaki Kisen Kaisha, Ltd.",9107.T
56464,Keio Corporation,9008.T
61772,"Keisei Electric Railway Co., Ltd.",9009.T
31267,Kemira Oyj,KEMIRA.HE
37655,Kenvue Inc.,KVUE
91836,Keppel Ltd.,BN4.SI
10477,Kering S.A.,KER.PA
83488,Kesko Oyj,KESKOB.HE
76309,Keurig Dr Pepper Inc.,KDP
65258,Keyence Corporation,6861.T
92948,"Keysight Technologies, Inc.",KEYS
63632,Kia Corporation,000270.KS
47711,Kimberly-Clark Corporation,KMB
27833,Kimco Realty Corporation,KIM
66074,"Kinder Morgan, Inc.",KMI
76529,"Kintetsu Group Holdings Co., Ltd.",9041.T
50354,"Kirin Holdings Company, Limited",2503.T
29743,Klöckner & Co SE,KCO.DE
36535,Knorr-Bremse AG,KBX.DE
25017,Komatsu Ltd.,6301.T
55822,Konami Group Corporation,9766.T
27259,Kone Oyj,KNEBV.HE
90518,Koninklijke Ahold Delhaize N.V.,AD.AS
17375,Koninklijke KPN N.V.,KPN.AS
48727,Koninklijke Philips N.V.,PHIA.AS
88178,Korea Electric Power Corporation,015760.KS
62558,"Korea Zinc Co., Ltd.",010130.KS
92303,"Korean Air Lines Co., Ltd.",003490.KS
32069,Kotak Mahindra Bank Limited,KOTAKBANK.NS
52197,Krones AG,KRN.DE
98207,Kubota Corporation,6326.T
71214,"Kumho Petrochemical Co., Ltd.",011780.KS
74048,"Kweichow Moutai Co., Ltd.",600519.SS
10856,Kyocera Corporation,6971.T
37500,"L3Harris Technologies, Inc.",LHX
70905,LEG Immobilien SE,LEG.DE
42512,"LG Chem, Ltd.",051910.KS
44453,LG Corp.,003550.KS
66260,"LG Display Co., Ltd.",034220.KS
53339,"LG Energy Solution, Ltd.",373220.KS
67473,LKQ Corporation,LKQ
34884,LOréal S.A.,OR.PA
65121,LPI Capital Bhd,5184.KL
66399,LVMH Moët Hennessy Louis Vuitton,MC.PA
28173,Laboratory Corporation of America Holdings,LH
12597,Lam Research Corporation,LRCX
58763,"Largan Precision Co., Ltd.",3008.TW
23482,Larsen & Toubro Limited,LT.NS
56186,Lasertec Corporation,6920.T
46176,Legrand S.A.,LR.PA
30985,"Leidos Holdings, Inc.",LDOS
87546,Lennar Corporation,LEN
61976,Lennox International Inc.,LII
61755,Lenovo Group Limited,0992.HK
63596,Leonardo S.p.A.,LDO.MI
69020,Li Auto Inc.,2015.HK
32159,Li Ning Company Limited,2331.HK
29924,Lifco AB,LIFCO-B.ST
69809,Linde plc,LIN
59584,Link Real Estate Investment Trust,0823.HK
25462,Lite-On Technology Corporation,2301.TW
15439,Lloyds Banking Group plc,LLOY.L
41511,Localiza Rent a Car S.A.,RENT3.SA
45644,Lockheed Martin Corporation,LMT
86531,Loews Corporation,L
89219,Logista S.A.,LOG.MC
11327,Logitech International S.A.,LOGN.SW
37035,Longfor Group Holdings Limited,0960.HK
31164,Lonza Group AG,LONN.SW
97814,Lotte Chemical Corporation,011170.KS
66439,Lotus Bakeries NV,LOTB.BR
65217,"Lowe's Companies, Inc.",LOW
14383,Lululemon Athletica Inc.,LULU
48450,Lundin Mining Corporation,LUND-B.ST
92567,Lupin Limited,LUPIN.NS
61373,"Luxshare Precision Industry Co., Ltd.",002475.SZ
51073,"Luzhou Laojiao Co., Ltd.",000568.SZ
72570,M&T Bank Corporation,MTB
85507,M7 Real Estate,M7U.DE
56511,MGM Resorts International,MGM
12635,MLP SE,MLP.DE
86279,"MS&AD Insurance Group Holdings, Inc.",8725.T
59810,MTR Corporation Limited,0066.HK
59119,MTU Aero Engines AG,MTX.DE
44570,Macquarie Group Limited,MQG.AX
16365,Mahindra & Mahindra Limited,M&M.NS
49394,Malayan Banking Berhad (Maybank),1155.KL
56497,"Mango Excellent Media Co., Ltd.",300413.SZ
13054,Manulife Financial Corporation,MFC.TO
37565,Mapfre S.A.,MAP.MC
70610,Marathon Petroleum Corporation,MPC
96534,Marico Limited,MARICO.NS
19020,MarketAxess Holdings Inc.,MKTX
77358,"Marriott International, Inc.",MAR
44474,"Martin Marietta Materials, Inc.",MLM
45804,Maruti Suzuki India Limited,MARUTI.NS
35116,Mastercard Incorporated,MA
26741,Mazda Motor Corporation,7261.T
46769,"McCormick & Company, Incorporated",MKC
90025,McDonald's Corporation,MCD
88409,McKesson Corporation,MCK
54380,MediaTek Inc.,2454.TW
45949,Mediobanca Banca di Credito Finanziario S.p.A.,MB.MI
98614,Medion AG,MDO.DE
87450,Medtronic plc,MDT
63142,"Mega Financial Holding Co., Ltd.",2886.TW
96027,Meituan,3690.HK
49340,Melexis NV,MELE.BR
83599,Mercedes-Benz Group AG,MBG.DE
77670,"Merck & Co., Inc.",MRK
95500,Merck KGaA,MRK.DE
80785,Merlin Properties SOCIMI S.A.,MRL.MC
85819,"MetLife, Inc.",MET
40180,"Meta Platforms, Inc.",META
11682,Metallurgical Corporation of China Ltd.,601618.SS
90802,Metso Oyj,METSO.HE
14340,Metsä Board Oyj,METSB.HE
51917,Mettler-Toledo International Inc.,MTD
24647,Microchip Technology Incorporated,MCHP
94625,"Micron Technology, Inc.",MU
22277,Microsoft Corporation,MSFT
30229,"Midea Group Co., Ltd.",000333.SZ
47696,Mitsubishi Chemical Group Corporation,4188.T
85444,Mitsubishi Corporation,8058.T
52433,Mitsubishi Electric Corporation,6503.T
37310,"Mitsubishi Estate Company, Limited",8802.T
83507,Mitsubishi HC Capital Inc.,8593.T
66722,"Mitsubishi Heavy Industries, Ltd.",7011.T
95782,"Mitsubishi UFJ Financial Group, Inc.",8306.T
98813,"Mitsui & Co., Ltd.",8031.T
59344,"Mitsui Fudosan Co., Ltd.",8801.T
61712,"Mitsui O.S.K. Lines, Ltd.",9104.T
81165,"Mizuho Financial Group, Inc.",8411.T
50863,"Moderna, Inc.",MRNA
42091,"Mohawk Industries, Inc.",MHK
44631,Molson Coors Beverage Company,TAP
51640,Moncler S.p.A.,MONC.MI
60144,"Mondelez International, Inc.",MDLZ
13620,"Monolithic Power Systems, Inc.",MPWR
69753,Monster Beverage Corporation,MNST
51578,Moody's Corporation,MCO
60207,Morgan Stanley,MS
81097,"Motorola Solutions, Inc.",MSI
80457,Muehlhan AG,MUM.DE
80457,Muehlhan AG,MUX.DE
49533,"Murata Manufacturing Co., Ltd.",6981.T
95629,Muthoot Finance Limited,MUTHOOTFIN.NS
90036,"Muyuan Foods Co., Ltd.",002714.SZ
82036,Münchener Rückversicherungs-Gesellschaft AG,MUV2.DE
99034,"NARI Technology Co., Ltd.",600406.SS
13100,NAVER Corporation,035420.KS
83974,NCSoft Corporation,036570.KS
18496,NIBE Industrier AB,NIBE-B.ST
94924,"NIKE, Inc.",NKE
34120,NKT A/S,NKT.CO
80022,NN Group N.V.,NN.AS
45707,"NRG Energy, Inc.",NRG
63353,NTPC Limited,NTPC.NS
90087,NVIDIA Corporation,NVDA
55990,"NVR, Inc.",NVR
22567,NXP Semiconductors N.V.,NXPI
23348,Nan Ya Plastics Corporation,1303.TW
21313,Nanya Technology Corporation,2408.TW
60200,"Nasdaq, Inc.",NDAQ
13676,National Australia Bank Limited,NAB.AX
74634,National Grid plc,NG.L
76236,Naturgy Energy Group S.A.,NTGY.MC
52723,Nemetschek SE,NEM.DE
89949,Neste Oyj,NESTE.HE
63938,Nestle (Malaysia) Berhad,4707.KL
29007,Nestle India Limited,NESTLEIND.NS
65195,Nestlé S.A.,NESN.SW
65164,"NetApp, Inc.",NTAP
11694,"NetEase, Inc.",9999.HK
36146,Netcompany Group A/S,NSIS-B.CO
23766,"Netflix, Inc.",NFLX
46269,Netmarble Corporation,251270.KS
84089,New China Life Insurance Company Ltd.,601336.SS
64924,New World Development Company Limited,0017.HK
97928,Newell Brands Inc.,NWL
22883,Newmont Corporation,NEM
55568,News Corporation Class A,NWSA
77473,News Corporation Class B,NWS
94431,Nexi S.p.A.,NEXI.MI
79825,Nexity S.A.,NEX.PA
74333,"Nintendo Co., Ltd.",7974.T
55275,Nippon Steel Corporation,5401.T
25778,Nippon Telegraph and Telephone Corporation,9432.T
15161,Nippon Yusen Kabushiki Kaisha,9101.T
10194,"Nissan Motor Co., Ltd.",7201.T
48269,"Nitori Holdings Co., Ltd.",9843.T
50152,Nokia Oyj,NOKIA.HE
88831,"Nomura Holdings, Inc.",8604.T
86705,"Nongfu Spring Co., Ltd.",9633.HK
86276,Nordea Bank Abp,NDA-FI.HE
86276,Nordea Bank Abp,NDA-SE.ST
21776,Nordex SE,NDX1.DE
76494,Norfolk Southern Corporation,NSC
16237,Northern Trust Corporation,NTRS
36303,Northrop Grumman Corporation,NOC
46739,Novartis AG,NOVN.SW
82233,Novo Nordisk A/S,NOVO-B.CO
17411,Nucor Corporation,NUE
98034,"O'Reilly Automotive, Inc.",ORLY
69724,OCI N.V.,OCI.AS
22545,OHB SE,OHB.DE
92691,OMV AG,OMV.VI
91637,ON Semiconductor Corporation,ON
44307,"ONEOK, Inc.",OKE
70148,Occidental Petroleum Corporation,OXY
11016,"Odakyu Electric Railway Co., Ltd.",9007.T
68085,Oil and Natural Gas Corporation Limited,ONGC.NS
11429,"Old Dominion Freight Line, Inc.",ODFL
29184,Olympus Corporation,7733.T
99503,Omnicom Group Inc.,OMC
29918,Omron Corporation,6645.T
55620,"Ono Pharmaceutical Co., Ltd.",4528.T
60259,"Ootsuka Holdings Co., Ltd.",4578.T
76286,Oracle Corporation,ORCL
35975,Orange S.A.,ORA.PA
46148,"Orbia Advance Corporation, S.A.B. de C.V.",ORBIA.MX
48433,"Oriental Land Co., Ltd.",4661.T
73384,Orion Oyj,ORNBV.HE
94954,Orix Corporation,8591.T
42461,"Osaka Gas Co., Ltd.",9532.T
94283,Oversea-Chinese Banking Corporation Limited,O39.SI
20712,PACCAR Inc.,PCAR
30070,"PENN Entertainment, Inc.",PENN
39900,PNE AG,PNE3.DE
37564,POSCO Holdings Inc.,005490.KS
72162,"PPG Industries, Inc.",PPG
14978,PT Astra International Tbk,ASII.JK
64220,PT Bank Central Asia Tbk,BBCA.JK
50160,PT Bank Mandiri (Persero) Tbk,BMRI.JK
37958,PT Bank Negara Indonesia (Persero) Tbk,BBNI.JK
63820,PT Bank Rakyat Indonesia (Persero) Tbk,BBRI.JK
97599,PT Bayan Resources Tbk,BYAN.JK
27311,PT GoTo Gojek Tokopedia Tbk,GOTO.JK
42638,PT Sumber Alfaria Trijaya Tbk,AMRT.JK
44137,PT Telkom Indonesia (Persero) Tbk,TLKM.JK
22534,PT Unilever Indonesia Tbk,UNVR.JK
61063,PTC Inc.,PTC
99656,PTT Exploration and Production Public Company Limited,PTTEP.BK
15066,PTT Public Company Limited,PTT.BK
43635,PUMA SE,PUM.DE
35407,Palantir Technologies Inc.,PLTR
78533,"Palo Alto Networks, Inc.",PANW
92564,Panasonic Holdings Corporation,6752.T
37615,Pandora A/S,PNDORA.CO
90045,Parker-Hannifin Corporation,PH
37054,"Paychex, Inc.",PAYX
57463,"Paycom Software, Inc.",PAYC
84634,Paylocity Holding Corporation,PCTY
59498,Pentair plc,PNR
48890,"PepsiCo, Inc.",PEP
15159,Pernod Ricard S.A.,RI.PA
59372,PetroChina Company Limited,0857.HK
59372,PetroChina Company Limited,601857.SS
30372,Petronas Chemicals Group Berhad,5183.KL
28796,Petróleo Brasileiro S.A.,PETR4.SA
85932,Pfandbriefbank AG,PFT.DE
44172,Pfeiffer Vacuum Technology AG,PFV.DE
19291,Pfizer Inc.,PFE
62269,Philip Morris International Inc.,PM
65754,Pidilite Industries Limited,PIDILITIND.NS
60635,"Ping An Bank Co., Ltd.",000001.SZ
39905,"Ping An Insurance (Group) Company of China, Ltd.",2318.HK
39905,"Ping An Insurance (Group) Company of China, Ltd.",601318.SS
34536,Pinnacle West Capital Corporation,PNW
66143,Pirelli & C. S.p.A.,PIRC.MI
97781,"Pohang Coated Steel Co., Ltd. (POSCO C&C)",003670.KS
68643,Polski Koncern Naftowy ORLEN S.A.,PKN.WA
28011,"Poly Developments and Holdings Group Co., Ltd.",600048.SS
14400,Pool Corporation,POOL
89347,"Postal Savings Bank of China Co., Ltd.",1658.HK
89347,"Postal Savings Bank of China Co., Ltd.",601658.SS
49147,Poste Italiane S.p.A.,PST.MI
29453,Pou Chen Corporation,9904.TW
69639,Power Assets Holdings Limited,0006.HK
79420,Power Corporation of Canada,POW.TO
92204,Power Finance Corporation Limited,PFC.NS
45599,Power Grid Corporation of India Limited,POWERGRID.NS
80523,Powszechna Kasa Oszczędności Bank Polski S.A.,PKO.WA
30662,Powszechny Zakład Ubezpieczeń S.A.,PZU.WA
33113,President Chain Store Corporation,2912.TW
71937,"Principal Financial Group, Inc.",PFG
73147,Prosus N.V.,PRX.AS
53941,Proximus NV,PROX.BR
56881,"Prudential Financial, Inc.",PRU
17574,Prudential plc,PRU.L
78604,Prysmian S.p.A.,PRY.MI
21159,Public Bank Berhad,1295.KL
98374,Public Service Enterprise Group Incorporated,PEG
82103,Public Storage,PSA
96675,Publicis Groupe S.A.,PUB.PA
76376,Punjab National Bank,PNB.NS
46323,QUALCOMM Incorporated,QCOM
15910,Qantas Airways Limited,QAN.AX
30244,Qiagen N.V.,QIA.DE
54506,"Qinghai Salt Lake Industry Co., Ltd.",000792.SZ
91402,"Qorvo, Inc.",QRVO
92510,Qt Group Oyj,QTCOM.HE
25600,Quanta Computer Inc.,2382.TW
89402,"Quanta Services, Inc.",PWR
10524,Quest Diagnostics Incorporated,DGX
98524,REC Limited,RECLTD.NS
77906,RELX plc,REL.L
18634,RHB Bank Berhad,1066.KL
49968,ROCKWOOL A/S,ROCK-B.CO
68091,RWE AG,RWE.DE
48389,Raiffeisen Bank International AG,RBI.VI
98355,Ralph Lauren Corporation,RL
94201,Randstad N.V.,RAND.AS
81050,Rational AG,RAA.DE
76343,Realtek Semiconductor Corp.,2379.TW
89009,Realty Income Corporation,O
81805,Recordati S.p.A.,REC.MI
77743,"Recruit Holdings Co., Ltd.",6098.T
37013,Redeia Corporación S.A.,RED.MC
75339,"Regeneron Pharmaceuticals, Inc.",REGN
95342,Regions Financial Corporation,RF
46318,Reliance Industries Limited,RELIANCE.NS
71021,Relx PLC,REN.AS
76567,Renault S.A.,RNO.PA
97967,Renesas Electronics Corporation,6723.T
72061,Repsol S.A.,REP.MC
58834,ResMed Inc.,RMD
47982,"Resona Holdings, Inc.",8308.T
12709,Rheinmetall AG,RHM.DE
84382,"RingCentral, Inc.",RNG
83607,Rio Tinto Limited,RIO.AX
66646,Rio Tinto plc,RIO.L
88871,Robert Half Inc.,RHI
53240,"Rockwell Automation, Inc.",ROK
57481,Rogers Communications Inc.,RCI-B.TO
45264,"Ross Stores, Inc.",ROST
18549,Royal Bank of Canada,RY.TO
81075,Royal Unibrew A/S,RBREW.CO
43252,Rémy Cointreau S.A.,RCO.PA
91826,S&P Global Inc.,SPGI
79884,S-Oil Corporation,010950.KS
54803,"S.F. Holding Co., Ltd.",002352.SZ
80883,SAIC Motor Corporation Limited,600104.SS
34941,SAP SE,SAP.DE
77933,SBA Communications Corporation,SBAC
28451,SBI Life Insurance Company Limited,SBILIFE.NS
53938,SBM Offshore N.V.,SBMO.AS
73351,SCB X Public Company Limited,SCB.BK
79996,SCOR SE,SCR.PA
73591,SGL Carbon SE,SGL.DE
73591,SGL Carbon SE,SNG.DE
17858,SGS S.A.,SGSN.SW
83402,"SK Bioscience Co., Ltd.",302440.KS
93039,SK Hynix Inc.,000660.KS
28389,SK Inc.,034730.KS
90924,"SK Innovation Co., Ltd.",096770.KS
42971,"SK Telecom Co., Ltd.",017670.KS
20117,SKF AB,SKF-B.ST
21916,SLB (Schlumberger),SLB
47037,SMC Corporation,6273.T
45607,SMT Scharf AG,SMHN.DE
76065,SRF Limited,SRF.NS
20637,"SS&C Technologies Holdings, Inc.",SSNC
37447,SSAB AB,SSAB-A.ST
39012,SYZYGY AG,SYZ.DE
50000,Saab AB,SAAB-B.ST
58177,Sacyr S.A.,SCYR.MC
84693,Safran S.A.,SAF.PA
75727,Sagax AB,SAGA-B.ST
60785,Saipem S.p.A.,SPM.MI
80075,"Salesforce, Inc.",CRM
93084,Sampo Oyj,SAMPO.HE
77658,"Samsung Biologics Co., Ltd.",207940.KS
22586,Samsung C&T Corporation,028260.KS
39535,"Samsung Electro-Mechanics Co., Ltd.",009150.KS
40039,"Samsung Electronics Co., Ltd.",005930.KS
76212,"Samsung Fire & Marine Insurance Co., Ltd.",000810.KS
62421,"Samsung Heavy Industries Co., Ltd.",010140.KS
42928,"Samsung Life Insurance Co., Ltd.",032830.KS
48955,"Samsung SDI Co., Ltd.",006400.KS
36529,"Samsung SDS Co., Ltd.",018260.KS
73404,Sands China Ltd.,1928.HK
65873,Sandvik AB,SAND.ST
95454,Sanofi,SAN.PA
59050,Sartorius AG,SRT3.DE
40907,Schneider Electric SE,SU.PA
26218,Seagate Technology Holdings plc,STX
41487,Seb S.A.,SK.PA
46140,"Secom Co., Ltd.",9735.T
60513,"Sekisui House, Ltd.",1928.T
22587,Sempra,SRE
38545,"ServiceNow, Inc.",NOW
37570,"Seven & i Holdings Co., Ltd.",3382.T
80236,"Seven Bank, Ltd.",8410.T
85778,"Shanghai Commercial & Savings Bank, Ltd.",5876.TW
10268,"Shanghai Pudong Development Bank Co., Ltd.",600000.SS
16674,"Shanxi Xinghuacun Fen Wine Factory Co., Ltd.",600809.SS
59382,Shell plc,SHEL.L
88625,"Shenzhen Mindray Bio-Medical Electronics Co., Ltd.",300760.SZ
98226,Shenzhou International Group Holdings Limited,2313.HK
31985,Shiftex AG,SHF.DE
77958,Shimano Inc.,7309.T
55636,"Shin-Etsu Chemical Co., Ltd.",4063.T
68660,"Shinhan Financial Group Co., Ltd.",055550.KS
34986,"Shiseido Company, Limited",4911.T
25004,Shopify Inc.,SHOP.TO
89726,Shree Cement Limited,SHREECEM.NS
15210,Siemens AG,SIE.DE
65329,Siemens Energy AG,ENR.DE
45518,Siemens Healthineers AG,SHL.DE
52562,Siemens Limited,SIEMENS.NS
33926,Signify N.V.,LIGHT.AS
82372,Sika AG,SIKA.SW
16175,Siltronic AG,WAF.DE
93068,"Simon Property Group, Inc.",SPG
43454,Singapore Telecommunications Limited (Singtel),Z74.SI
13055,Sino Biopharmaceutical Limited,1177.HK
54066,Sino Land Company Limited,0083.HK
67984,"Sinopac Financial Holdings Co., Ltd.",2890.TW
65331,Skandinaviska Enskilda Banken AB,SEB-A.ST
82334,Skanska AB,SKA-B.ST
37459,"Skyworks Solutions, Inc.",SWKS
81972,Snam S.p.A.,SRG.MI
79883,Snap-on Incorporated,SNA
91491,Snowflake Inc.,SNOW
59875,"SoFi Technologies, Inc.",SOFI
24671,Société Générale S.A.,GLE.PA
30763,Sofina SA,SOF.BR
57054,SoftBank Corp.,9434.T
78188,SoftBank Group Corp.,9984.T
62869,Soitec S.A.,SOI.PA
73398,Solaria Energía y Medio Ambiente S.A.,SLR.MC
32881,Solvay SA,SOLV.BR
24871,Solventum Corporation,SOLV
95939,Somfy SA,SW.PA
97922,"Sompo Holdings, Inc.",8630.T
89734,Sonova Holding AG,SOON.SW
16573,Sony Group Corporation,6758.T
71272,Southwest Airlines Co.,LUV
22172,Squer AG,SQU.DE
74910,Stada Arzneimittel AG,SAX.DE
89277,"Stanley Black & Decker, Inc.",SWK
58387,Starbucks Corporation,SBUX
63038,State Bank of India,SBIN.NS
48336,State Street Corporation,STT
57130,Stellantis N.V.,STLAM.MI
26099,Stora Enso Oyj,STEAV.HE
38742,Stryker Corporation,SYK
98399,Stöbich AG,STO3.DE
51893,Subaru Corporation,7270.T
78006,Sumitomo Corporation,8053.T
57055,"Sumitomo Metal Mining Co., Ltd.",5713.T
32751,"Sumitomo Miitsui Trust Holdings, Inc.",8309.T
79800,"Sumitomo Mitsui Financial Group, Inc.",8316.T
65997,"Sumitomo Realty & Development Co., Ltd.",8830.T
58429,Sun Hung Kai Properties Limited,0016.HK
97099,Sun Life Financial Inc.,SLF.TO
43604,Sun Pharmaceutical Industries Limited,SUNPHARMA.NS
57209,Suncor Energy Inc.,SU.TO
37275,Suncorp Group Limited,SUN.AX
69415,"Sungrow Power Supply Co., Ltd.",300274.SZ
86764,Sunny Optical Technology (Group) Company Limited,2382.HK
66320,"Super Micro Computer, Inc.",SMCI
45162,Suzuki Motor Corporation,7269.T
45415,Svenska Cellulosa AB SCA,SCA-B.ST
63077,Svenska Handelsbanken AB,SHB-A.ST
22843,Swedbank AB,SWED-A.ST
85293,Swisscom AG,SCMN.SW
85609,Syensqo SA,SYENS.BR
51544,Symrise AG,SY1.DE
83248,Synchrony Financial,SYF
36060,"Synopsys, Inc.",SNPS
28833,Sysco Corporation,SYY
62044,Südzucker AG,SKB.DE
91089,"T&D Holdings, Inc.",8795.T
40194,"T-Mobile US, Inc.",TMUS
86479,"T. Rowe Price Group, Inc.",TROW
60079,TC Energy Corporation,TRP.TO
28434,TDK Corporation,6762.T
87165,TE Connectivity Ltd.,TEL
16138,TUI AG,TTK.DE
16138,TUI AG,TUI1.DE
26037,"Taishin Financial Holding Co., Ltd.",2887.TW
66221,Taiwan Business Bank,2834.TW
50653,Taiwan Cement Corporation,1101.TW
54685,"Taiwan Cooperative Financial Holding Co., Ltd.",5880.TW
75943,"Taiwan Mobile Co., Ltd.",3045.TW
83970,Taiwan Semiconductor Manufacturing Company Limited (TSMC),2330.TW
50419,Takeda Pharmaceutical Company Limited,4502.T
75622,"Takihyo Co., Ltd.",9982.T
39682,Talanx AG,TLX.DE
45819,"Tapestry, Inc.",TPR
43852,Target Corporation,TGT
43104,Tata Consultancy Services Limited,TCS.NS
66768,Tata Consumer Products Limited,TATACONSUM.NS
80844,Tata Steel Limited,TATASTEEL.NS
99402,TeamViewer SE,TTR1.DE
59903,Tech Mahindra Limited,TECHM.NS
52582,Techtronic Industries Company Limited,0669.HK
85436,Tele2 AB,TEL2-B.ST
88151,Telecom Italia S.p.A.,TIT.MI
78639,Teleflex Incorporated,TFX
96118,Telefonaktiebolaget LM Ericsson,ERIC-B.ST
40078,Telefónica S.A.,TEF.MC
26501,Teleperformance SE,TEP.PA
99187,Telia Company AB,TELIA.ST
56472,Telstra Group Limited,TLS.AX
99640,"Tenable Holdings, Inc.",TENB
39571,Tenaris S.A.,TEN.MI
90317,Tencent Holdings Limited,0700.HK
25734,Tenet Healthcare Corporation,THC
19409,"Teradyne, Inc.",TER
82442,Terex Corporation,TEX
90395,Terna - Rete Elettrica Nazionale S.p.A.,TRN.MI
60449,"Tesla, Inc.",TSLA
94698,Texas Instruments Incorporated,TXN
82619,Thales S.A.,HO.PA
90156,The Allstate Corporation,ALL
29712,The Boeing Company,BA
29884,"The Chiba Bank, Ltd.",8331.T
10159,The Cigna Group,CI
86156,The Clorox Company,CLX
22805,The Coca-Cola Company,KO
36332,"The Cooper Companies, Inc.",COO
90151,The Estée Lauder Companies Inc.,EL
17935,"The Goldman Sachs Group, Inc.",GS
55400,"The Hartford Financial Services Group, Inc.",HIG
32527,The Hershey Company,HSY
50528,"The Home Depot, Inc.",HD
66233,The Hong Kong and China Gas Company Limited,0003.HK
56043,The J. M. Smucker Company,SJM
95359,"The Kansai Electric Power Company, Incorporated",9503.T
57527,The Kroger Co.,KR
32911,The Procter & Gamble Company,PG
50559,The Progressive Corporation,PGR
37600,The Sherwin-Williams Company,SHW
87793,The Siam Cement Public Company Limited,SCC.BK
83667,"The TJX Companies, Inc.",TJX
64014,The Toro Company,TTC
46877,The Toronto-Dominion Bank,TD.TO
79172,"The Travelers Companies, Inc.",TRV
72965,The Walt Disney Company,DIS
21953,"The Williams Companies, Inc.",WMB
83498,Thermo Fisher Scientific Inc.,TMO
75725,Thomson Reuters Corporation,TRI.TO
91843,Tietoevry Oyj,TIETO.HE
26616,Timken Company,TKR
26972,Tingyi (Cayman Islands) Holding Corp.,0322.HK
66965,Titan Company Limited,TITAN.NS
74621,"Toho Co., Ltd.",9602.T
22508,"Tokio Marine Holdings, Inc.",8766.T
49745,"Tokyo Electric Power Company Holdings, Incorporated",9501.T
49200,Tokyo Electron Limited,8035.T
93779,"Tokyo Gas Co., Ltd.",9531.T
88156,Tokyu Corporation,9005.T
82575,TotalEnergies SE,TTE.PA
99296,Toyota Motor Corporation,7203.T
44377,Toyota Tsusho Corporation,8015.T
49788,Tractor Supply Company,TSCO
35372,Trane Technologies plc,TT
27353,Trent Limited,TRENT.NS
85764,Trimble Inc.,TRMB
18574,Truist Financial Corporation,TFC
27961,Tryg A/S,TRYG.CO
69101,"Tyler Technologies, Inc.",TYL
34360,UBS Group AG,UBSG.SW
47731,UCB SA,UCB.BR
53414,"UDR, Inc.",UDR
10124,UPL Limited,UPL.NS
13355,UPM-Kymmene Oyj,UPM.HE
74190,"Uber Technologies, Inc.",UBER
81228,"Ulta Beauty, Inc.",ULTA
89901,UltraTech Cement Limited,ULTRACEMCO.NS
89840,Umicore SA,UMI.BR
88070,"Under Armour, Inc. Class A",UAA
34373,"Under Armour, Inc. Class C",UA
57934,UniCredit S.p.A.,UCG.MI
29466,Unibail-Rodamco-Westfield SE,URW.PA
33824,Unicaja Banco S.A.,UNI.MC
68456,Unicharm Corporation,8113.T
96032,Unilever plc,ULVR.L
43514,Union Bank of India,UNIONBANK.NS
91078,Union Pacific Corporation,UNP
94215,"United Airlines Holdings, Inc.",UAL
29027,United Internet AG,UTDI.DE
79661,United Microelectronics Corporation (UMC),2303.TW
83196,United Overseas Bank Limited,U11.SI
53061,"United Rentals, Inc.",URI
19497,UnitedHealth Group Incorporated,UNH
88399,"Universal Health Services, Inc.",UHS
83243,V.F. Corporation,VFC
90139,VAT Group AG,VATN.SW
32351,VICI Properties Inc.,VICI
16047,Vale S.A.,VALE3.SA
67214,Valero Energy Corporation,VLO
67237,Valmet Oyj,VALMT.HE
52640,Varun Beverages Limited,VBL.NS
58286,"Ventas, Inc.",VTR
84235,Veolia Environnement S.A.,VIE.PA
15612,Verbund AG,VER.VI
18233,"VeriSign, Inc.",VRSN
82646,"Verisk Analytics, Inc.",VRSK
26011,Vertex Pharmaceuticals Incorporated,VRTX
47054,Vestas Wind Systems A/S,VWS.CO
84772,Viatris Inc.,VTRS
10014,Vinci S.A.,DG.PA
51297,Visa Inc.,V
44914,Vistra Corp.,VST
46003,Vivendi SE,VIV.PA
58310,Vodafone Group plc,VOD.L
38207,Volksbank AG,VBK.DE
52591,Volkswagen AG,VOW3.DE
54778,Volvo AB,VOLV-B.ST
64756,Vonovia SE,VNA.DE
68515,Vontier Corporation,VNT
91451,Vopak N.V.,VPK.AS
75760,Vornado Realty Trust,VNO
64077,Vulcan Materials Company,VMC
96762,"W.W. Grainger, Inc.",GWW
25190,WDP NV,WDP.BR
57165,"WEC Energy Group, Inc.",WEC
60730,WEG S.A.,WEGE3.SA
10784,WH Group Limited,0288.HK
25534,Wacker Chemie AG,WCH.DE
35211,"Wal-Mart de México, S.A.B. de C.V.",WALMEX.MX
21391,Walmart Inc.,WMT
30994,Wan Hai Lines Ltd.,2615.TW
36756,"Wanhua Chemical Group Co., Ltd.",600309.SS
55875,Want Want China Holdings Limited,0151.HK
31452,"Warner Bros. Discovery, Inc.",WBD
56045,"Waste Connections, Inc.",WCN.TO
20459,"Waste Management, Inc.",WM
68043,Waters Corporation,WAT
63338,Wells Fargo & Company,WFC
54816,Welltower Inc.,WELL
16403,"Wens Foodstuffs Group Co., Ltd.",300498.SZ
75233,Wesfarmers Limited,WES.AX
62926,West Japan Railway Company,9021.T
36027,"West Pharmaceutical Services, Inc.",WST
45034,Western Digital Corporation,WDC
94858,Westinghouse Air Brake Technologies Corporation,WAB
80737,Westpac Banking Corporation,WBC.AX
23123,Weyerhaeuser Company,WY
26828,Wheaton Precious Metals Corp.,WPM.TO
27041,Whirlpool Corporation,WHR
81456,Willis Towers Watson Public Limited Company,WTW
62594,Wipro Limited,WIPRO.NS
11401,Wistron Corporation,3231.TW
35984,Wolters Kluwer N.V.,WKL.AS
39446,Woodside Energy Group Ltd,WDS.AX
41080,Woolworths Group Limited,WOW.AX
61504,Woori Financial Group Inc.,316140.KS
75447,WuXi Biologics (Cayman) Inc.,2269.HK
29991,"Wuliangye Yibin Co., Ltd.",000858.SZ
48360,Wärtsilä Oyj Abp,WRT1V.HE
94952,Xcel Energy Inc.,XEL
48280,Xero Limited,XRO.AX
13623,Xiaomi Corporation,1810.HK
21171,Xinyi Glass Holdings Limited,0868.HK
73343,Xinyi Solar Holdings Limited,0968.HK
51382,Xylem Inc.,XYL
26467,YOC AG,YOC.DE
97558,Yageo Corporation,2327.TW
24026,Yamaha Corporation,7951.T
54976,"Yamato Holdings Co., Ltd.",9064.T
59760,Yang Ming Marine Transport Corporation,2609.TW
82219,Yangzijiang Shipbuilding (Holdings) Ltd.,BS6.SI
59281,Yaskawa Electric Corporation,6506.T
15955,"Yuanta Financial Holding Co., Ltd.",2885.TW
26409,"Yum! Brands, Inc.",YUM
52607,Zalando SE,ZAL.DE
52607,Zalando SE,ZIL2.DE
55253,Zebra Technologies Corporation,ZBRA
93511,"Zijin Mining Group Co., Ltd.",2899.HK
93511,"Zijin Mining Group Co., Ltd.",601899.SS
99652,"Zions Bancorporation, N.A.",ZION
36468,Zurich Insurance Group AG,ZURN.SW
48999,iShares MSCI Europe,ISPA.DE
22091,iShares MSCI Europe ESG,EXSG.DE
54120,iShares STOXX Europe 600,1SXP.DE
54120,iShares STOXX Europe 600,EXSA.DE
54120,iShares STOXX Europe 600,EXSD.DE
54120,iShares STOXX Europe 600,EXSE.DE
54120,iShares STOXX Europe 600,EXSH.DE
54120,iShares STOXX Europe 600,EXX5.DE
54120,iShares STOXX Europe 600,EXXT.DE
54120,iShares STOXX Europe 600,EXXU.DE
43448,Ørsted A/S,ORSTED.CO
11114,"斬京銀行 (Bank of Nanjing Co., Ltd.)",601816.SS
